,names,text
0,3 króli  feat. Popek,"[Figo Fagot:, , Raz, dwa, dwa czterdzieści,, cztery puszki torba zmieści., Czterech króli nie doniosę,, jedno jebnę już po drodze., *gul gul gul* ahhh..., Jak w stajence w siatce mam., Kacpi, Melchior i Baltazar,, na mieszkanku dzisiaj faza., (Dzwonek do drzwi!), Tyle człowieku stój., (Czy to są psy?), Zaraz strzeli mnie chuj., (Zagaście szlugi!), Kacpiego piję., (Ściszcie rapsy!), Pierdolę, dzwonię!, , Popek:, Bracia Figo Fagot plus Popek, zryty czosnek, królu Albanii., Dzisiaj razem na kwadracie!, Ram pam pam pam!, , Dzisiaj się najebie razem z braćmi król,, rozjebiemy całe siano, idź pan w chuj!, Nic nie pamiętam, co się działo na kwadracie!, Nic nie pamiętam, polej wódki bracie!, , Najebany nie pamiętam, co robiłem wczoraj,, czterech króli plus pół litra plus wyjebka na mych schodach., Nic nie pamiętam, Jezu jak nakurwia mnie wątroba!, Jakiego mam kaca!, I gdzie jest moja głowa?!, To jest król z Albanii i bracia Figo Fagot!, Dawaj ten towar, usmażę se mózg!, Zaraz się dojebię i polecę jak balon,, dokąd mnie poniesie nie wie nawet Bóg!, Dokąd nas poniesie nie wie nawet tego Bóg!, (Nie wie nawet tego Bóg, nie wie nawet tego duch,, nie wie nawet tego król, nie wie nawet tego Chuchla!, Idź pan w chuj!), , Dzisiaj się najebie razem z braćmi król,, rozjebiemy całe siano, idź pan w chuj!, Nic nie pamiętam, co się działo na kwadracie!, Nic nie pamiętam, polej wódki bracie!, , Figo:, Bania goni banię,, niech ta bania nie ustaje!, Kiedy wóda w żyłach nam tańcuje,, kurwa jak się super czuję!, Trzej królowie na kwadracie,, rozjebiemy wszystko w chacie!, Każde świństwo wypijemy!, Dzisiaj w kimę nie idziemy!, , TRZY!, I wszystkim wódę nalewamy w szklany!, DWA!, Nie marudź, dupy w górę i śpiewamy!, JEDEN!, chapaj wódę, niech ryj pali!, I w górę, i w górę, i w górę!, , Trzy ,dwa, jeden x4, Trzy, dwa, jeden, LUFA! x4, , Dzisiaj się najebie razem z braćmi król,, rozjebiemy całe siano, idź pan w chuj!, Nic nie pamiętam, co się działo na kwadracie!]"
1,A w niebie gra disco polo,"[1., (Fagot), Posłuchaj mnie teraz Seba, Odstaw na chwilę piwo, Popatrz tam w górę do Nieba, I teraz małe odziwo, (Figo), Wysoko nad głową hoho, To nie skowronek tak kwili, To disco polo non stop, Leci w mono z tonsili, , Ref., To nie ptak, ani samolot, To jest disco pola łomot, To nie burza, to nie grad, Tylko disco pola czad, Kto nie lubi disco polo, Ten jest bydle albo cham, Kto nie lubi disco polo, Ten nie zazna Nieba bram, , 2., (Fagot), Żem wracał z Niemczech z chemią, Szwagier za kółkiem, mnie zmógł sen, Przez sen zrobiło mi się lekko, Jakby mnei matka wzięła we, (Figo), We swe spracowane ramiona, I wtedy przebudziłem się, Dokoła jest ojczyzna moja, Tu się rodziłem zdechnę też, , Ref., To nie czapla ani gołąb, To jest disco pola łomot, To nie tarpan, to nie fiat, Tylko disco pola czad, Kto nie lubi disco polo, Ten jest kurwa albo chuj, Kto nie lubi disco polo, W piekle smaży się i już, , 3., (Fagot), W sobotę przy prądzie dłubałem, Żyrandol mi się coś buntował, Chyba nie tak coś nacisnąłem, I świat mi nagle zawirował, (Figo), Zbudziłem się na chmurce w Niebie, Anioł podleciał wcisnął plaj(play), Rzekł disco polo jest dla ciebie, W tym rytmie hula cały raj, , Ref. ...., To nie agregat uprawowy do dicopolo rytm miarowy, To nie ładowacz zaczepiany to discopolo bit nasz znany, Kto nie lubi discopolo ten nie kocha matki swej]"
2,Ajem USA,"[Spotkałem ją na lquano Disco w Dawidach, chwilę spoglądałem, oceniałem, odstawiłem drina, dobra idę i podchodzę, ona patrzy spode łba, mówię heloł bejbe, łot jor nejm, ajem usa, łi low mówię potem, ona nic tylko gapi się, kurwa może coś zrobiłem źle?, może z gęby wali mi, nie no przecież gumę żuję, nagle ona z takim tekstem do mnie wyskakuje:, , Nie wysilaj się grubasku, przecież rozpoznałam cię, Pomagasz w autoserwisie, W smarze chodzisz całe dnie, , Ref:, Nakręca bajera świnie, Testosteron level max, Jeśli w żyłach alko płynie, Szanse są jeden do dwa, , Jeśli nosisz zdejmij bryle, Nie zawsze udaje się, Jak da świnia ci po ryle, Do następnej udaj się, , Spotkałem ją w masarni, w tak zwanym sklepie firmowy, Stała z taką grubą babą, podobną trochę do krowy, Śliczna dziewczyna, ale stara z takim ryjem, jeśli to jest matka, to i ona się roztyje, , Mówię ryzyk fizyk idę, poprawiłem włosy na łbie, Podchodzę zagaduję, ale stara z ryjem na mnie, że tu jest kolejka i żebym się nie wpychał, Przyjebała mi torebką, chwile czułem jakbym zdychał, , Co za bydlak, co za świnia, W kolejkę na krzywego ryja, W łeb z torebki wypad stary, Kurwa skąd te smaru ślady, , Ref:, Nakręca bajera świnie, Testosteron level max, Jeśli w żyłach alko płynie, Szanse są jeden do dwa, , Jeśli nosisz zdejmij bryle, Nie zawsze udaje się, Jak da świnia ci po ryle, Do następnej udaj się, , Spotkałem ją na plaży w Mielnie przy zejściu przy foce, Na bosaka i w bikini pali szluga aż się pocę, więc ręką przecieram czoło badam skrzydła i podbijam, to że pali przecież znaczy że to strasznie łatwa świnia, Twoja matka to jest saper bo masz bombową figurę, Chyba działa bo zza oksów mocno wzrokiem mnie taksuje, Gdybyś była piaskiem bejbe, to bym babki robił z ciebie, Jak mi z kopa dała w jaja, to zesrałem się pod siebie, , Weź nie wkurwiaj mnie chłopaku, Przecież rozpoznałam cię, Ty jesteś ten z Mielna Pablo, Zupę wcinaj, Pierdol się, , Ref:, Nakręca bajera świnie, Testosteron level max, Jeśli w żyłach alko płynie, Szanse są jeden do dwa, , Jeśli nosisz zdejmij bryle, Nie zawsze udaje się, Jak da świnia ci po ryle]"
3,Albatros Dalej Gra,"[Metal długie włosy ma,, A kiedy disco gra, Hip-hop krok w kolanach ma., Disco gra., Wszyscy bawią się, bawią i bawią., I tańczą, i śmieją., A disco gra., Wszystkim wkoło wesoło wesoło, Kiedy disco gra., Metal ambitny,, A hip hop prawdziwy., Disco gra., Moja muzyka jest lepsza niż twoja,, A disco dalej gra., , Ref., Disco polo, disco polo, i niech inni się pierdolą, ani metal ani rap, w mym serduszku gra, , na na na polo, disco polo, lalalala lalala loolo, takie country albo jazz, pocałujcie w dupy nas, , Kamil Grosicki w piłkę gra, A w hucie hutnik dmucha szkła, a Disco gra, Żołnierz na froncie karabin ma, I w rytm Disco polo tratatata, , Rolnik przy gnoju, złotówiarz na postoju, Dziewczyny w burdelu, na każdym weselu, Na żadnej imprezie nikt się nie obrazi, Jak Disco polo zagra, , Ref., Disco polo, disco polo, i niech inni się pierdolą, ani metal ani rap, w mym serduszku dzisiaj gra, , na na polo, disco polo, lalalala lalala loolo, takie country albo jazz, pocałujcie w dupy nas, , Muzyczne trendy jak pogoda zmienne,, a disco dalej trwa., Metal, punkowiec, emo czy ziomal, on każdy disco zna, la la la, Muzyczne trendy jak pogoda zmienne,, a disco dalej trwa!, Metal, punkowiec, emo czy ziomal, on każdy disco zna, , Dziękujemy serdecznie!, Zapraszamy teraz do bufetu, Krótka przerwa i gramy dalej, dzisiaj - do północy dancing, Augustów, Albatros - dziękujemy!, , lalalala disco pololo, disco polololo, lalala la lololoło, disco polo tu ta, disco polo tu ta, disco tu ta polo tu ta, disco ta ta polo ta ta]"
4,Bal jak bal,"[(Fagot), Bal jak bal disco rżnie na full, Bal jak bal disco rżnie na full, Bal jak bal disco rżnie na full, Bal jak bal disco rżnie na full, , bal jak bal disco rżnie na full, na parkiecie świński tłum, świnki cieszą się kiedy disco rżnie, jak świniobij ruszam w dance, z tej trzody chlewnej zebranej w remizie,, wybrałem jedną cizie, skoro śpiewam ci to to domyślasz się, że, tą cizią jesteś właśnie Ty, nie bądź nieśmiała, daj dupy kochana,, raczej nie będziesz żałowała, widzisz wąs - czytaj best,  tak z mężczyzną jest, w twoich oczach widzę seks, nie, laleczko, nie na parkiecie,, zróbmy to w toalecie, kabina numer sześć, tam gdzie zamek jest, gdzie słońce nie dochodzi tam dojdę ja, , (Figo), Nie mów że tego nie znałaś, że nie wiedziałaś, Zbyt chętnie się do kabiny wpakowałaś, Nie mów że tego nie lubisz, bo nie uwierzę, 50 procent świnek w dupę bierze, , (Fagot), Bal jak bal disco rżnie na full, Bal jak bal disco rżnie na full, Bal jak bal disco rżnie na full, Bal jak bal disco rżnie na full, , parking, Star, znów w kabinie sam, discopolo w radiu łka, może w piosence jesteś szalona, lecz w realu jak kłoda, wiele mówiłaś, a się nie puściłaś, choć drinki za moje waliłaś, obiecywałaś, a dupy nie dałaś, z bogolem Poldkiem odjechałaś, , (Figo), Znowu biednego olałaś,choć obiecałaś, Na Poloneza Atu Plus poleciałaś, Nie mów, że forsy nie lubisz, bo śmiechem parsknę, 100 procent świnek dzisiaj leci na kasę, , (Fagot), Bal jak bal disco rżnie na full, Bal jak bal disco rżnie na full, Bal jak bal disco rżnie na full]"
5,Ballada o Stachu żołnierzu,"[1., Matka mówiła, gdy wracał ze szkoły, Zerknij synu w zeszyty, ale on wolał iść na Bojo., I przyszedł maj, zakwitły kasztany, Staś strzepnął końcówkę piwa, Na maturę nawet nie poszedł., , Jednostka w Przasnyszu, stu poborowych, Staś kartkę z przysięgą rozwija., Nie dostrzegł, że chorąży go dostrzegł., I tak młody kot co noc, po capstrzyku, Trzepanie od Wicków zaliczał., W drużynce rejon pucował., , Ref, Ja, żołnierz Wojska Polskiego, Przysięgam służyć wiernie!, Rzeczypospolitej Polskiej,, Bronić jej niepodległości i granic., Stać na straży konstytucji,, Strzec honoru żołnierza polskiego., Sztandaru wojskowego bronić,, Za sprawę mej Ojczyzny, w potrzebie, krwi własnej ani życia nie szczędzić., , 2., Półtorej roku minęło jak z bicza, Stach centymetr krawiecki kupił., Na BP wybłagał ""Pejotkę""., Do domu zajechał, goździków nazrywał, ""Mama! Gdzie jest Małgosia?"", Ta smutna, wskazała mu tabor., , , I pił cztery noce i w bójki się wdawał, Przed barem stanęło WSW., Stach w anclu tydzień przepłakał,, Falomierz obcięty już do połowy, Stach młode wojsko dociera., Taka dola żołnierza, Tak po prostu już trzeba., , Ref, Ja, żołnierz Wojska Polskiego, Przysięgam służyć wiernie!, Rzeczypospolitej Polskiej,, Bronić jej niepodległości i granic., Stać na straży konstytucji,, Strzec honoru żołnierza polskiego., Sztandaru wojskowego bronić,, Za sprawę mej Ojczyzny, w potrzebie]"
6,Bamboleo,"[Ref., O bamboleo, zepsute Mondeo., O ecie pecie, stoi na lawecie., Ore o eru, sześć koła papieru,, Całe psu w dupę, a mogłem brać Mégane coupé., // x2., , I., Cały w słońcu lśni., Dopiero co wyjechał z myjni., Widać, że był dbany,, Tylko ten zderzak zarysowany., , Co z tego, że oponki na dzień dobry do wymiany,, Skoro sprzedawca zapewnia, no i widać, że był dbany., Autko w dobrych pieniądzach, niepalone, niewalone., Nie ma co się zastanawiać, trochę spuści no i biorę., , Panie, kryształ, nie samochód!, , Ref., O bamboleo, zepsute Mondeo., O ecie pecie, stoi na lawecie., Ore o eru, sześć koła papieru,, Całe psu w dupę, a mogłem brać Mégane coupé., // x2., , II., MK III., 2.0 TDCi., Każda moja będzie świnka., Nagle na desce kontrolek choinka., , Fura w szczerym polu zdechła gdzieś w pół drogi do Iguany., Warsztat w sobotę zamknięty, a głowica do wymiany., Jakby tego było mało, gdy na pobocze zjeżdżałem,, W nerwach dziury nie spostrzegłem, no i wahacz urwałem., , Biedny płaci zawsze dwa razy., , Ref., O bamboleo, zepsute Mondeo., O ecie pecie, stoi na lawecie., Ore o eru, sześć koła papieru,, Całe psu w dupę, a mogłem brać Mégane coupé.]"
7,Bądź delikatna,"[Przydrożna tirówko bułgarska,, La la la la la., Proszę, bądź delikatna., Na na na na na., To jest mój pierwsza raz., Sra sra sra sra., Jagiello, żegnaj, pa., Pa pa pa pa., Dlaczego w gumie, miła ma?, Dlaczego w gumie?, No dobra, załóż., Na na na., No dobra, załóż., Skórą ruszyła., Konia zwaliła., Skórą ruszyła., Konia zwaliła., , Przydrożna tirówko bułgarska,, La la la la la la., Proszę, bądź delikatna., Na na na na na., To jest mój pierwsza raz., Raz raz sra sra., Jagiello, żegnaj., Pa pa pa pa pa. Pa pa., Dlaczego w gumie, miła ma?, Dlaczego w gumie?, No dobra, załóż., Na na na., No dobra, załóż., Skórą ruszyła., Konia zwaliła., Skórą ruszyła., Konia zwaliła., , Skórą ruszyła., Konia zwaliła.]"
8,Beata Paulina,"[Na imię tobie było, Beata Paulina,, Beata Paulina,, Imię Twe..., , I sercem mym wzgardziłaś,, I poszłaś za bogolem,, Beato Paulino,, Tęsknię Cię..., , Choć w gardle stoi gula,, I nie śpię od pół roku,, Choć troche sen mnie bierze,, Beato Paulino..., , Łzy bruzdy wyżłobiły,, Od powiek aż do brody,, Oczki śpioch pokleił,, I trochę się zdrzemnąłem..., , Po roku napisałaś,, Fabianie, proszę ratuj,, On nie był milionerem,, A zwykłym stręczycielem..., , Gdy o paszport poprosił,, A ty mu go oddałaś,, Skończyło się kochanie,, Zaczęło zarabianie..., , Przy szosach RFN'u,, Na stacjach benzynowych,, W tanich motelikach,, W ciągnikach siodłowych, , Za ciężką Twoją pracę,, Nie dawał ni feninga,, Najwyżej z liścia w ryja,, Gdy mu się postawiłaś..., , Gdy już się wysłużyłaś,, Na fiutach zęby zjadłaś,, Odstawił na granicę,, Beatę Paulinę..., , Beato Paulino!, Wróciłaś, nie poznałem,, I co ci po bogolu,, A mogłaś robić w polu..., , Raniutko do parnika,, I sieczkę z ospą mieszać,, Gdy świnie już podjedzą,, Beato Paulino..., , Jakbym wracał po koncercie,, Przy garach bym ci śpiewał,, O pięknej mej dziewczynie,]"
9,Bella Putanesca,"[Przy drodze stała, podwózki nie chciała, Bella puttanesca, Jagód nie miała i grzybów nie miała, Bella puttanesca, Pytam, dlaczego stoisz tu w strugach dżdżu, Bella puttanesco, Dobra nie ściemniam, czy rozmienisz ze stu, Fellatio puttanesca, , Invitation Fiat, Invitation Fiat Ford Mondeo, , Ref. 2x, Cinquanta gelato!, Cento classico!, Andare foresta!, Pompino!, Cazzo in bocca!, Scopare la figa!, Finale sulle tette!, , Jak mówił mi Grześ, masz kwadrans i cześć, Bella puttanesca, Zaczynam rozmowę, a ta pochyla głowę, Bella puttanesca, Pyta: dlaczego w spodniach siedzę jeszcze?, Bella puttanesca, Wstyd mi się przyznać, ale już doszedłem, Bella puttanesco, , Mi dispiaci puttaneska, Casa da moglie, evacuazione!, , Ref. 2x, Cinquanta gelato!, Cento classico!, Andare foresta!, Pompino!, Cazzo in bocca!, Scopare la figa!, Finale sulle tette!, , Średnio wyszło, jak mam spojrzeć w lustro, Stupido perdente, Kiedy spyta mnie Grześ, będę mu łgał jak pies, Bugiardo perdente, Piękna kurewko strasznie przepraszam Cię, Bella puttanesca, W domu przysięgam, chyba palnę se w łeb, La pistola perdente!, , Mia mortadela!, La pistola!, La pistola!, La padre!, Il mio amico!, , Ref. 2x, Cinquanta gelato!, Cento classico!, Andare foresta!, Pompino!, Cazzo in bocca!, Scopare la figa!]"
10,BFF,"[Przesiałeś piach?, A po co? Piach to piach, Piach to Ty masz we łbie,, kupę piachu ,, łeb pełen kupy., Wyłącz., , Za keyboardem stoi Schwarzenegger, tylko o wiele lepszy,, bo nad wargą jest wąs., Paluchami przebiera jak Chopin, Pavarotti keyboardu go zwą., Nut nie umie, bo znać ich nie musi, instynktownie tylko w białe sztos., Męski głos, boski tors i ta czapka, na jego widok świniom jeży się włos., , Każdy wie jak jest: 30%, Kto tak zapierdala? Figo Fagot!, Alko polo, disko chłosta - tu jest Polska., Jak już coś robić to byle jak, Figo Fagot!, , Na scenie zamęt, Jezus Maria, to małpa? Nie to chłopiec z mikrofonem z adhd., Prawdopodobnie ma też nadciśnienie,, problemy z nerkami i alergie., Że nie zalicza to nie znaczy, że pedał, raczej jak Dżej Kaczyński pragnie zakochać się., Kardiolog mikrofonu - sam tak o sobie mówi, bo prosto w serca tralalala zapierdala., , Każdy wie jak jest: 30%, Kto tak zapierdala? Figo Fagot!, Alko polo, disko chłosta - tu jest Polska., Jak już coś robić to byle jak, Figo Fagot!, , Dźwięk z keyboardu wart jest tysiąc złotych,, jak to mawiają - się gra, się ma., Na scenę wchodzą zawsze najebani, choć to nie prawda, że to pomaga., Wręcz przeciwnie - posłuchajcie sami., Oni znają swą wartość przyjaciele,, dlatego BFF nie obiecuje zbyt wiele., , Każdy wie jak jest: 30%, Kto tak zapierdala? Figo Fagot!, Alko polo, disko chłosta - tu jest Polska., Jak już coś robić to byle jak]"
11,Bożenka,"[O Boże Boże Boże Bożenko,, Jak mogłaś to robić z Cyganem?, O Boże Boże Boże Bożenko,, W czym jestem od niego gorszy?, , I Jezu Jezu Jezus Maria,, Pękłaś serce moje., O ja pier... ja pier... ja pier..., ...dolejcie mi wódki,, W szklance utopię smutki., , Nic tak nie boli jak zdrada..., Zdrada z Cyganem., Baby trzeba pilnować,, Albo się nie denerwować., , Nic tak nie boli jak zdrada,, No chyba ,że z Cyganką., Chłopu trzeba dawać,, Albo się nie dziwić., , On bił cię w du... du... dużym pokoju,, A Ty mu obciągnęłaś..., ...sweter bo miał gołe plecy,, Nie chciałaś żeby się zaziębił., , Czy o mnie kiedyś tak zadbałaś?, Nie, a wręcz przeciwnie., Teraz idę do Barbary,, Na nocne bary... bary... bary..., , Nic tak nie pachnie jak wódka,, No chyba, że z kolegami,, Wódkę trzeba żłopać,, A nie z boku stać, stać, stać, stać, stać, stać..., , Póki stać mnie będę szalał,, I zdrowia nie żałował., Każda dama ma cenę,, Trzeba po prostu pytać, a nie czaić się z kwiatami., , Nic tak nie wchodzi jak wódka,, Wódka po disco polo., Disco czesze nutą,, A polo alkoholo., , Nikt tak nie kradnie jak Cygan,, z cygańskiego taboru., Wykorzysta, okradnie,, Szukaj wiatru w polu., , Myk, myk, myk disco polo,, Polo, polo, polo., Myk, myk Elegancja - Francja,, Dawidy Bankowe., , Myk, myk, myk disco polo,, Polo, polo, polo., Myk, myk Elegancja - Francja,, Dawidy Bankowe., , Myk, myk, myk, myk, myk, Dawidy, myk,, Bankowe, myk, myk, myk. Disco polo., , Myk, myk, myk polo disco Bankowe,]"
12,Bujaj łbem do przodu,"[A miłość ma wzgardzona poszła jebać się, bo dziewczyna wtedy z Cyganem, Choć kocham ją nie będę, znajdę nową bo: żegnaj Ewo - ariwederczi, , Zakochałem się, bo dałaś mi usta, wciąż pamiętam wspomnienie laski, Miłość to jest super rzecz, więc chwyć go mała ryjem,, zakleszcz wargami u nasady i bujaj łbem do przodu., Na na na na na na na na bujaj łbem do przodu, Na na na na na na na na dziś nie zginiesz z głodu., Na na na na na na na na bujaj łbem do przodu, Na na na na na na na na dziś nie zginiesz z głodu., , I minął rok, dwa lata, poszły jebać się, i chłopiec wyszedł do cywila, A dziewczyna w międzyczasie urodziła syna, nie podobnego o-o-o do chłopca, , Zapłakany chłopiec zawiązał sznur, wsadził łeb w pętlę i hopla w dół, Miłość to jest super rzecz, więc chwyć go mała ryjem,, zakleszcz wargami u nasady i bujaj łbem do przodu., Na na na na na na na na bujaj łbem do przodu, Na na na na na na na na dziś nie zginiesz z głodu., Na na na na na na na na bujaj łbem do przodu, Na na na na na na na na dziś nie zginiesz z głodu., , Na na na na na na na na bujaj łbem do przodu, Na na na na na na na na dziś nie zginiesz z głodu., Na na na na na na na na bujaj łbem do przodu]"
13,Chłop jest chłop,"[I., Małgosiu, nie myśl o mnie źle., Że z brzuchem zostawiłem cię., Ale lepiej żebym nie oglądał cię,, Jak będziesz taka gruba., Nie ma tu roztrząsać, czyja wina., Co by tu zmieniła prezerwatywa?, Jeżeli kochasz mnie, to zrozumiesz, że, Nie zmarnuję sobie życia., , Ref., Chłop to chłop., Zrozum to mała., Chłop jest chłop., Rozum ma w jajach., Chamski chłop., Chłop, chłop, chłop, chłop, chłop., // x2., , II., Weroniko, nie bądź na mnie zła., Upić się, to przecież rzecz ludzka., Poza ty, jak mówi przysłowie:, Ja nie chcę mieć robali., Wielkie halo, że spodnie obszczane., Lepiej doceń, że nie zarzygane., Za nic twojej matki nie przeproszę,, Bo przecież jest gruba i stara., , Ref., Chłop to chłop., Zrozum to mała., Chłop jest chłop., Rozum ma w jajach., Chamski chłop., Chłop, chłop, chłop, chłop, chłop., // x2., , III., Andżeliko, to nie koniec świata., Kutas, to jest przecież jak armata., Jak nie strzelasz, inaczej odpadnie, Albo co gorszego., No dobra, może i zdradziłem, Ale całkiem szczerze: czyja to jest wina?, Było mi nie sprawdzać w telefonach,, To byś nie była teraz wkurwiona., , Ref., Chłop to chłop., Zrozum to mała., Chłop jest chłop., Rozum ma w jajach., Chamski chłop., Chłop, chłop, chłop, chłop, chłop.]"
14,Ciuralla,"[Ciuralla, ciuralla, ciuralla, ciuralla,, Ciuralla, ciuralla, ciuralla, ciuralla,, , 1., Dwa tygodnie już z nią chodzę,, Nawet nie dała pomacać,, Myślę sobie dzisiaj Twoja, Ostatnia szansa., Nie chce więcej czasu tracić,, Mogę nawet Ci zapłacić,, Ene due like fake,, Weź tego śmierdziela w łapę., , Ref., Ciuralla, ciuralla,, Weź mojego siuralla,, Dziewczyno za pół stówy,, To ja chcę bez gumy., Ciuralla, ciuralla,, Weź mojego siuralla,, Mówię do typiary,, Weź świnio nie rób siary., , Ciuralla, ciuralla, ciuralla, ciuralla,, Ciuralla, ciuralla, ciuralla, ciuralla,, , 2., Czy coś ze mną jest nie tak,, Czy Ty jesteś pojebana,, Zobacz kochana,, Klęczę na kolanach,, Teraz wszystko w Twoich rękach,, Jak można to też w ustach,, Kazimierzu Wielki pomóż,, Banknot kładę tutaj., , Ref., Ciuralla, ciuralla,, Weź mojego siuralla,, Dziewczyno za pół stówy,, To ja chcę bez gumy., Ciuralla, ciuralla,, Weź mojego siuralla,, Mówię do typiary,, Weź świnio nie rób siary., , Ciuralla, ciuralla, ciuralla, ciuralla,, Ciuralla, ciuralla, ciuralla, ciuralla,, , 3., A mówiła, że mnie kocha,, Nie to nie, łachy bez,, Wyluzuj ex,, Gała to nie seks,, Na rozstanie tylko nara,, Sama tego chciała,, Jak wyciągnąłem fujarę,, Nawet na nią nie spojrzała!, , Ref., Ciuralla, ciuralla,, Weź mojego siuralla,, Dziewczyno za pół stówy,, To ja chcę bez gumy., Ciuralla, ciuralla,, Weź mojego siuralla,, Mówię do typiary,, Weź świnio nie rób siary., , Ciuralla, ciuralla, ciuralla, ciuralla,]"
15,Co się wczoraj odjebało?,"[Co robiłem wczoraj?, Co ja wczoraj odjebałem?, , Może byłem w klubie disco, i spotkałem damę z bajki, może biłem się z kolegą, bo na gębie mam siniaki, , Co robiłem wczoraj?, Co się wczoraj odjebało?, , Może spałem gdzieś w plenerze, Stąd mech, liście i żołędzie, Chyba ktoś mnie wziął obrzygał, Bo mam drobną marchew wszędzie, , Ref:, Nie przejmuj się Zbyszek, Do góry kieliszek, Świruj jakby jutra nie było, Czego nie pamiętasz, to się nie wydarzyło, Baluj Zbyniu baluj, chlej, Danu Danu Danu dej, Dać nauczkę życiu, Zdobyć Nobla w piciu, , Co robiłem wczoraj?, Co ja wczoraj odjebałem?, , Pewnie byłem na kebabie, Bo mnie drugi raz zapiekło, Chyba rżnąłem w automaty, Stąd w lombardzie me video, , Co robiłem wczoraj?, Co się wczoraj odjebało?, , Może jak Robson Kruzoe, Wlazłem na palmę de Gaulle'a, Mam nadzieję że tak było, Raz się żyje, więc od nowa, , Ref:, Nie przejmuj się Zbyszek, Do góry kieliszek, Świruj jakby jutra nie było, Czego nie pamiętasz, to się nie wydarzyło, Baluj Zbyniu baluj, chlej, Danu Danu Danu dej, Dać nauczkę życiu, Zdobyć Nobla w piciu, , Co ja zrobię dzisiaj, Na pewno zrobię dzisiaj siebie, Na pewno zrobię dzisiaj siebie, , Ref:, Nie przejmuj się Zbyszek, Do góry kieliszek, Świruj jakby jutra nie było, Czego nie pamiętasz, to się nie wydarzyło, Baluj Zbyniu baluj, chlej, Danu Danu Danu dej, Dać nauczkę życiu]"
16,Coś za coś,"[Drogie tanie panie, taniec., , Ref., Może i nie były tanie, za to były brzydkie., Coś za coś. Figo, pożycz mi 50 zł., Może i nie były tanie, za to były brzydkie., Coś za coś. Figo, dawaj te 50 zł., , I., Wybraliśmy się do Konina., Przedmieścia, burdelik, przysiadła się piękna dziewczyna., Ukraina, budżet - za mało., Wzięliśmy te średnie i tak się opylało., , Ref., Może i nie były tanie, za to były brzydkie., Coś za coś. Figo, pożycz mi 50 zł., Może i nie były tanie, za to były brzydkie., Coś za coś. Figo, dawaj te 50 zł., , II., Wracaliśmy z Bełchatowa., Półoś urwana koło Zelowa., Słońce nad głową, Bułgaria przy szosie., Głupi nie skorzysta, dziękuję ci, losie., , Ref., Może i nie były tanie, za to były brzydkie., Coś za coś. Figo, pożycz mi 50 zł., Może i nie były tanie, za to były brzydkie., Coś za coś. Figo, dawaj te 50 zł., , III., Trzydzieści pięć lat dziś kończę., Fagot, po co ci pieniądze?, Dlaczego płacisz tej pani?, Ten prezent ci konia zwali., , Ref., Może i nie były tanie, za to były brzydkie., Coś za coś. Figo, pożycz mi 50 zł., Może i nie były tanie, za to były brzydkie., Coś za coś. Figo, dawaj te 50 zł., , IV., Seksi anons w internecie., Po to internet jest przecie., Przyjechała taksóweczka., Średnia, rzekłbym ta dziweczka., , Ref., Może i nie były tanie, za to były brzydkie., Coś za coś. Figo, pożycz mi 50 zł., Może i nie były tanie, za to były brzydkie., Coś za coś. Figo, dawaj te 50 zł., , V., Morał z piosenki jest taki:, Dziewczynom płacą chłopaki,, A kto dzisiaj nie pracuje,, Ten się sam bawi chujem!, ]"
17,Disco Commando,"[Łoułoł, Dziewczyno powiedz mi Łoułoł, Kto po nocach tobie się śni, kto się śni, No kto tobie się śni, ŁouŁoułoł Dziewczyno powiedz mi Łoułoł, Dziewczyno proszę zdradź mi, Kto tobie się śni, , (Fagot), Disco Commando wchodzi na scene, La Bomba La fiesta do wyboru, Disco Commando, (to jest) Disco Commando, Disco Commandos i Disco Commandor, Disco Comamndo wchodzi na scene, La Bomba La fiesta do wyboru, (to jest) Disco Commando, Comamndo!, , (Figo), Łoułoł, Dziewczyno powiedz mi Łoułoł, Kto tobie, tobie się śni, Powiedz błagam , powiedz mi, Powiedz komu obiecałaś swoje sny, Dziewczyno ŁouŁouŁouŁoułoł, Dziewczyno je i je e powiedz mi powiedz mi, A może powiedz mu, kto ci się śni, , (Fagot), Disco Commando na bogatości, i Disco Commando na eleganckości do wyboru, Do koloru myk myk myk myk myk myk, Disco Commandos i Disco Commandor, Disco Comamndo wchodzi na scene, La Bomba La fiesta do wyboru, Disco Commando, Comamndo!, , (Figo), Łoułoł, Dziewczyno powiedz mi Łoułoł, Kto po nocach tobie się śni, kto się śni, No kto tobie się śni, ŁouŁoułoł Dziewczyno powiedz mi Łoułoł, Dziewczyno prosze zdradź mi, Kto tobie się śni, , Łoułoł, Dziewczyno powiedz mi Łoułoł, Kto tobie, tobie się śni, Powiedz błagam , powiedz mi, Powiedz komu obiecałaś swoje sny, Dziewczyno ŁouŁouŁouŁoułoł, Dziewczyno je i je e powiedz mi powiedz mi]"
18,Disco Gra,"[Metal długie włosy ma,, A kiedy disco gra, Hip-hop krok w kolanach ma., A disco gra., Wszyscy bawią się, bawią i bawią., I tańczą, śmieją., A disco gra., Wszystkim wkoło wesoło wesoło, Kiedy disco gra., Metal ambitny,, A hip hop prawdziwy., Disco gra., Moja muzyka jest lepsza niż twoja,, A disco dalej gra., , Muzyczne trendy jak pogoda zmienne,, A disco dalej trwa., Metal, punkowiec, emo czy ziomal -]"
19,Disco polo dalej gra,"[Metal długie włosy ma,, A kiedy disco gra, Hip-hop krok w kolanach ma., A disco gra., Wszyscy bawią się, bawią i bawią., I tańczą, i śmieją., A disco gra., Wszystkim wkoło wesoło wesoło, Kiedy disco gra., Metal ambitny,, A hip hop prawdziwy., Disco gra., Moja muzyka jest lepsza niż twoja,, A disco dalej gra., , Ref:, Disco polo, disco polo, i niech inni się pierdolą, ani metal ani rap, w mym serduszku dzisiaj gra, , disco polo, disco polo, lalalala lala lolo, takie kantry albo jazz, pocałujcie w dupy nas, , Kamil Grosicki w piłkę gra, A w hucie hutnik dmucha szkła a Disco gra, Żołnierz na froncie karabin ma, I w rytmie Disco polo tratatata, , Rolnik przy gnoju, złotówiarz na postoju, Dziewczyny w burdelu, na każdym weselu, Na każdej imprezie nikt się nie obrazi, Jak Disco Polo zagra, , Ref:, Disco polo, disco polo, i niech inni się pierdolą, ani metal ani rap, w mym serduszku dzisiaj gra, , disco polo, disco polo, lalalala lala lolo, takie kantry albo jazz, pocałujcie w dupy nas, , Muzyczne trendy jak pogoda zmienne,, A disco dalej trwa, Metal, punkowiec, emo czy ziomal -, On każdy disco zna, , Muzyczne trendy jak pogoda zmienne,, A disco dalej trwa, Metal, punkowiec, pedał czy ziomal -, On każdy disco zna, , Ref:, Disco polo, disco polo, i niech inni się pierdolą, ani metal ani rap, w mym serduszku dzisiaj gra, , disco polo, disco polo, lalalala lala lolo, takie kantry albo jazz]"
20,Dziewczyna jak flaczki,"[Może i to jest piękne ale leży jak zdechłe,, próbowałem, całą noc zmarnowałem,, jaka tego przyczyna, że ładniejsza gorzej dyma?, no nie dyma, zwale konia, nie wytrzymam, , Taka jest śliczna i taka wspaniała,, że laskę zrobiła, że dała,, taki był dumny, że maszynę taką, będzie brał na bogato,, , ref., Dawaj mała, starczy już gadania,, lufa, węgorz na parkiecie i kończymy w toalecie,, Dawaj mała, ściągaj te ubrania,, to nie one zdobią cie tylko to jak prujesz się, , Do stołu się przysiadło, Chryste Boże samo sadło!, wyprosiła, potem w domu mnie zgwałciła,, Dlaczego z taką brzydką, grubą, łatwiej niż z dziwką?, Już tłumacze, w sadło dają dopalacze (w sadło dają dopalacze), , Tak go błagała i tak wódą spiła,, że lód mu z serca stopiła,, światło zgasiła, na chłopa wskoczyła,, i tak go z godzinę męczyła, , ref., Dawaj mała, starczy już gadania,, lufa, węgorz na parkiecie i kończymy w toalecie,, Dawaj mała, ściągaj te ubrania,, to nie one zdobią cie tylko to jak prujesz się, , Z boku skromnie siedziała i tak średnio wyglądała,, coś w sobie miała, z każdą lufą mi piękniała,, powiem jedno, z dziewczynami jest podobnie jak z flaczkami,, średnio się prezentują ale za to jak smakują!, , Tak się starała i tak zasuwała,, że chłopa w minutę styrała,, jeszcze noc długa, dawaj kolego,, z dziewczyną jak flaczki - smacznego!, , ref., Dawaj mała, starczy już gadania,, lufa, węgorz na parkiecie i kończymy w toalecie,, Dawaj mała, ściągaj te ubrania,]"
21,Dziewczyna z ptakiem,"[Intro:, Ta historia wydarzyła się naprawdę., Nie raz..., I nie tylko nam,, Prawdopodobnie wszystkim., , Ref., Dziewczyno wolna jak ptak,, Dziewczyno, dziewczyno z ptakiem., Jak to się można naciąć., Zdradziecka dziewczyno z ptakiem..., // x2., , I., Dwudziesty wiek, trzeba iść z duchem czasu., Google VR, czas miło mija., Z Tajlandii dziewczyna mój rozporek rozpina., Jak tak dalej pójdzie, to to będzie chwila., , Nagle przestała i z kolan wstała., Ledżinsy wypchane miała., Nikt w tytule ostrzec nie raczył., Co zobaczone, się nie odzobaczy., , Ref., Dziewczyno wolna jak ptak,, Dziewczyno, dziewczyno z ptakiem., Jak to się można naciąć., Zdradziecka dziewczyno z ptakiem..., // x2., , II., Dwudziesta trzecia, jak szambo wybiła., Domówka się rozkręca, czas miło mija., Nieznajoma dziewczyna do mnie podbija:, „Chodźmy do sypialni, tylko dokończ drina.”., , Światło zgaszone, dłonie spragnione, I nagle wszystko stracone., Czas już tak miło nie mija., Wysprzęgliłem typowi w ryja., , Ref., Dziewczyno wolna jak ptak,, Dziewczyno, dziewczyno z ptakiem., Jak to się można naciąć., Zdradziecka dziewczyno z ptakiem..., // x2., , III., I co to się porobiło na tym świecie?, Nie można dzisiaj ufać kobiecie., Niby zgrabna i piękna taka,, Lecz nie wiadomo czy nie wyciągnie ptaka., , Ref., Dziewczyno wolna jak ptak,, Dziewczyno, dziewczyno z ptakiem., Jak to się można naciąć., Zdradziecka dziewczyno z ptakiem...]"
22,Dziewczyno zawistna,"[Dziewczyno zawistna,dziewczyno gruba, Nie po to Jezus zmienił wodę w alkohol, By szklaneczka była sucha, Zresztą dużo nie wypiłem Twoja siostra łże, Obudź wujka Wiesia on prawdę powie, , Dziewczyno zawistna jak pies ogrodnika, Jak posłowie PO i też taka chciwa, Tyle razy prosiłem teraz wezmę siłą, Przeproszę jak przetrzeźwieje, Dzisiaj w mordę leję, , Dziewczyno zawistna no żesz kurwa mać, Nie po to z kumplami poszedłem na piwo, Żeby z nimi gadać, Cztery broksy to nie dużo, Na takiego chłopa, Dlatego potem ta ćwiartucha, Była przymusowa, , Dziewczyno zawistna jak pies ogrodnika, Jak posłowie PO i też taka chciwa, Tyle razy prosiłem teraz wezmę siłą, Przeproszę jak przetrzeźwieje, Dzisiaj w mordę leję, , Dziewczyno zawistna, małpo nieuczciwa, Nie po to chłop w robocie 8 godzin tyra, Żeby w domu się nie napić piwa, jak chcesz proszę bardzo, Pójdę na zasiłek, Jeszcze będziesz się prosiła, Żebym się ożłopał piwa, , Dziewczyno zawistna jak pies ogrodnika, Jak posłowie PO i też taka chciwa, Tyle razy prosiłem teraz wezmę siłą, Przeproszę jak przetrzeźwieje, Dzisiaj w mordę leję, ]"
23,Elegancja Francja,"[Kolejka przed klubem rozstępuje się,, bramkarz kłania się nisko i zaprasza mnie., W mokasynach strobo o-odbija się,, rzut okiem na świnie, jedna jest okej., , Guma straciła juicy smak, wolno płynie czas,, nagle zapach perfumy - czarny adidas., Chrobry leci na ladę - wódka z sokiem raz!, Didżej zmieniaj płytę, disco polo czas!, , Pędzi polo alkoholo, disco chłosta - tu jest Polska!, , Parlez vous francais,, Powiedz czy wiesz, o co chodzi mi?, Ja i ty, do kabiny chodź i zamknij drzwi., To czym teraz myślę weź do ust,, Jak nie trawisz białka, weź na biust, Powiedz czy wiesz o co chodzi mi,, Ja i ty, do kabiny chodź i zamknij drzwi., Czy wiesz, jak nazywa się ten seks?, Elegancja Francja jest the best!, , Na parkiecie nudzę się, świnia buja się,, ,,kula"", ,,zmieniam biegi"", ,,żarówki"" - męczę się., Świnia chce do koryta, do baru ciągnie mnie,, okiem puszczam jej znaka: chodźmy do WC., , Dobry hajs, dobry stajl, ale taki sobie dens,, raz nadepnął, raz kopnął, raz uderzył w łeb., Powiedziałem: ,,sorry"", ona: ,,jest okej"",, Barman! Wóda z sokiem! Jeszcze mało jej., , Parlez vous francais,, Powiedz czy wiesz, o co chodzi mi?, Ja i ty, do kabiny chodź i zamknij drzwi., To czym teraz myślę weź do ust,, Jak nie trawisz białka, weź na biust, Powiedz czy wiesz o co chodzi mi,, Ja i ty, do kabiny chodź i zamknij drzwi., Czy wiesz jak nazywa się ten seks,, Elegancja Francja jest the best!, , 110 złotych poszło jebać się,, Świnia wyszła z bogolem, chuj mi w dupę., W klubie same pasztety, do tego zajęte,, Bi Em Dabelju trójka na damy wiezie mnie., , Dobra, Chrobry spadówa, Jagiełło lepszy jest,, On zna me potrzeby, w mordę brał mu pies., Znowu Kazimierz Wielki ratuje mnie,, Dama tańsza niż świnia - mądry o tym wie., , I to wszytko co mam do powiedzenia., , Parlez vous francais,, Ty wiesz dobrze o co chodzi mi?, W Bi Em Dablju wsiadaj, zamknij drzwi., To czym teraz myślę weź do ust,, I nie śpiesz się mam szybki spust., France, Ty wiesz dobrze o co chodzi mi,, W Bi Em Dablju wsiadaj, zamknij drzwi., Ty wiesz jak nazywa się ten seks,]"
24,Etyzer z kosmosu feat. Stachursky,"[Etyzer (Stachursky):, Witajcie, szacowni korbiarze., Brawkaa za elegancki szlif i rasunek., Ale to nie koniec na dzisiaj..., Jasełka dopiero się zaczynają., , Figo:, Fagot, czy ja śnię,, Czy ty też to widzisz?, , Fagot:, Figo, to nie sen., Ja też go widzę, I w ogóle się nie dziwię., Wychlaliśmy wódy Wisłę., , Figo:, Jak ci na imię, piękna buzio z kosmosu?, Jak ci na imię, piękna buzio w tym tęczu?, , Ref., Nieśmiertelny, jak alkohol,, Niebezpieczny, jak maszyna,, 444 - tnie powietrze, jak leszczyna., Etyzer., Etyzer z kosmosu., Disco commando i disco komandos., Diskochłosta i Doskozzza., Czy Polska jest na to gotowa?, , Etyzer:, To ja, typ niepokorny., Nikt nie wie, co we mnie tkwi., Ten sam, choć niepodobny., Kochanie, proszę, uwierz mi., , Figo:, Fagot, proszę cię, zwolnijmy tempo., , Fagot:, Figo, zamknij się., Nie chcę, żeby zniknął., Wóda, ogóry i wóda,, Te substancje czynią cuda., , Figo:, Potężna wichura, łamiąc duże drzewa,, Trzciną zaledwie tylko kołysze., , Ref., Nieśmiertelny, jak alkohol,, Niebezpieczny, jak maszyna,, 444 - tnie powietrze, jak leszczyna., Etyzer., Etyzer z kosmosu., Disco commando i disco komandos., Diskochłosta i Doskozzza., Czy Polska jest na to gotowa?, , Etyzer:, Jeszcze strzemienny, a może 3,, Siostry i bracia kochani., A gdy korbozzza nadchodzi,, To tylko trzcina się obroni., // x2., , O, o, o, o., O, o, o, o., O, o, o, o., O, o, o, o., , Ref., Nieśmiertelny, jak alkohol,, Niebezpieczny, jak maszyna,, 444 - tnie powietrze, jak leszczyna., Etyzer., Etyzer z kosmosu., Disco commando i disco komandos., Diskochłosta i Doskozzza.]"
25,Gdybym zgolił wąs,"[A gdybym zgolił wąs,, Czy byś poznała,, Czy byś poznała, moja kochana?, Gdybym zgolił ten wąs,, Czy byś kochała,, Czy byś kochała, moja miła..., , Klub, noc, nocny czar., W nocnym klubie ty i ja., Ja to men, świnka ty., Jutro rano otrzesz łzy., , łou łou łoł, Świnko nie płacz, wiesz jak jest,, uuu łou łoł, Ten z wąsami taki już jest., uuu łou łoł, Jedna noc, jeden seks,, uuu łou łoł, Potem tylko AIDS., , A gdybym zgolił wąs,, Czy byś została,, Czy byś została, świnko młoda?, Gdybym zgolił ten wąs,, Czy byś mi dała,, Czy byś mi dała, świnko mała..., , Światła, dym, laser, dęs,, W kabinie dojeżdżam cię., Nóżki w bok, spodnie w dół,, W rytmie disco w tył i w przód., , łou łou łoł, Świnko alarm, on nie ma gumy,, łou łoł, I lada moment się schlapie., łou łoł, Trzeba było skończyć francuzem,, łou łoł, Najwyżej wyskrobiesz., , Znowu dym, znowu dęs,, W każdy wikend tak tu jest., Znowu ja, inna ty,, Inna świnka otrze łzy., , łou łou łoł, Świnko widzę, nie pierwszy raz,, uuu łou łoł, W tej kabinie spędzasz czas., uuu łou łoł, Doświadczenie uczy, że, uuu łou łoł, Najbezpieczniej w buzię., , Hej, świnko. Widzę, że jesteś tu pierwszy raz., Ja jestem drugi-ugi-ugi..., Dlatego wiem, gdzie jest WC., Chwyć mnie za rękę, a zaprowadzę cię do krainy rozkoszy..., , Gdybym zgolił wąs., Zgolił wąs, zgolił wąs..., , Rozkoszy!, ]"
26,Harnaś z puchy,"[I., Wniebowzięty chłop ze sklepu wychodzi., Harnaś w puszcze dłoń mu chłodzi., Posłuchajcie, starzy i młodzi,, O co w życiu, tak na prawdę chodzi., , Przystępna cena, wspaniały smak,, Dlatego śpiewam dla was tak:, , Ref., Harnaś z puchy, Harnaś z puchy. Nie dajmy się zwariować., Po co za piwo przepłacać, skoro efekt jest zazwyczaj ten sam?, // x2., , II., Bo po dobre, to trzeba się schylić., I uważać, żeby z Tatrą nie pomylić., I co najważniejsze, znajdziesz pod zawleczką., To to, że można wygrać kolejne piweczo., , Przystępna cena, cudowny smak,, Dlatego śpiewam dla was tak:, , Ref., Harnaś z puchy, Harnaś z puchy. Nie dajmy się zwariować., Po co za piwo przepłacać, skoro efekt jest zazwyczaj ten sam?, // x2., , III., Wszystkie apy, ipy, upy są do dupy,, Dlatego czteropak pak niosę do chałupy., Po drodze jedno otworze., Jakie to dobre, o Boże, o Boże..., , Przystępna cena i boski smak,, Dlatego śpiewam dla was tak:, , Ref., Harnaś z puchy, Harnaś z puchy. Nie dajmy się zwariować., Po co za piwo przepłacać, skoro efekt jest zazwyczaj ten sam?]"
27,Heteromagnes,"[(Heteromagnes,, Bas, zajebisty), , Ogolona twarz, pięćdziesiąt kilo wagi,, zadbane paznokcie, depilowane nogi., Co za czasy, Jezu miły,, nie odróżnisz chłopa od świni., Spodnie obcisłe jak babskie rajstopy,, jaja się czują jak w chowie klatkowym., To nie tak, to nie tak, nie tak,, Nie tak w Biblii pisali., , Sikor, wąs i dres., Nie spuszczaj oczu, nie wstydź się,, oboje wiemy czego chcesz., Wóda, sok i seks., Wiesz że nie musisz czaić się,, Heteromagnes przyciąga Cię., , Hetero (x6), Heteromagnes!, Hetero (x4), Przyciąga Cię, Heteromagnes!, , Popatrzcie w telewizor,, kiedyś Schwarzenegger,, teraz w złotej kamizeli śpiewa Justin Bieber,, co się stało ze Stallone?, Gdzie jest Rambo i Commando?, Dobry Boże co się dzieje z tym światem?, Popatrz tu z nieba i przypierdol granatem., Kto nie skacze jest pedałem,, kto nie skacze jest pedałem., , Sikor, wąs i dres., Nie spuszczaj oczu, nie wstydź się,, oboje wiemy czego chcesz., Wóda, sok i seks., Wiesz że nie musisz czaić się,, Heteromagnes przyciąga Cię., , Hetero (x6), Heteromagnes!, Hetero (x4), Przyciąga Cię, Heteromagnes!, , Walniecie setę czystej to się wam przejaśni,, koniec metroseksualnej baśni., Każdy dobrze wie że jaja najlepsze są,, z wolnego wybiegu w dresie., Męczy nas już gender sranie,, pora zapodać BFF przesłanie., Po to chłopu dali wąsy,, żeby one kurwa rosły!, , Sikor, wąs i dres., Nie spuszczaj oczu, nie wstydź się,, oboje wiemy czego chcesz., Wóda, sok i seks., Wiesz że nie musisz czaić się,, Heteromagnes przyciąga Cię., , Hetero (x6), Heteromagnes!, Hetero (x4), Przyciąga Cię, Heteromagnes!, Hetero (x6), Heteromagnes!, Hetero (x4)]"
28,Historia wujka Wiesia,"[Ref., Opowiem wam historię, co zmrozi w żyłach krew,, Jak wujek Wiesio na chrzcinach upił się., Leżał pod stołem i rzygał rosołem., Tak wujek Wiesio na chrzcinach urżnął się., , I., Antoś kończy roczek, Tydzień po ślubie., Brat prosi, więc zgoda,, Chrzestnym zostanę., , Czy coś się na krzest kupuje?, Boże, oby nie..., Bo za szkody na weselu, Jeszcze nie zapłaciłem., , Ref., Opowiem wam historię, co zmrozi w żyłach krew,, Jak wujek Wiesio na chrzcinach upił się., Leżał pod stołem i rzygał rosołem., Tak wujek Wiesio na chrzcinach urżnął się., , II., W kościele nuda. Gdzie jest wóda?, Pierdnąć mi się chce., Czy ta godzina się nigdy nie skończy?, Antoś mordę drze., , No, nareszcie ogłoszenia, Parafialne. Do widzenia., Jezu, jeszcze śpiewają., Z nudów zesram się (jak Antoś)., , Ref., Opowiem wam historię, co zmrozi w żyłach krew,, Jak wujek Wiesio na chrzcinach upił się., Leżał pod stołem i rzygał rosołem., Tak wujek Wiesio na chrzcinach urżnął się., , III., Mama mówi zapłacone, jedz, zmarnuje się., Rosołem się już najadłem., Mamo, pić się chce., , Wóda leje się litrami., Sanki dzwonią dzwoneczkami., Co ja robię na podłodze?, Rosół wylał się., , Ref., To była historia z wujkiem Wiesiem w tle,, Bo tak naprawdę, to ja urżnąłem się., Leżałem pod stołem, rzygałem rosołem.]"
29,Hot Dog,"[Jesteście gotowi na disco?, Jesteście gotowi na polo?, No to myk!, , Chwyć go mała w dłonie,, Niech w rączkach twych utonie,, Masuj bejbe bułę,, W tej bule ma parówę!, , Zimne ognie twojego języka,, Ślizgają się po skórce pieczywa,, Niech majonez na kiece nie kapnie,, Lepiej będzie jak go na raz chapniesz!, , Ref:, Zawsze w lato pod dyskoteką, ze straganem stoi pan,, Kabanos, serdel, parówka drobiowa, kaszanka zwyczajna,, Co zechcesz wpakuje do buły, a Ty to wpakuj do ust! Uo-o!, , Hot-dog, hot-dog, hot-dog mniam mniam mniam, Hot-dog, hot-dog, hot-doga pan da!, , Lato już minęło, Pan Hot-dog już nie stoi,, ucichły dyskoteki,, nikt imprez już nie robi, , W moim sercu wciąż gra muzyka,, Disko polo  w myślach bryka,, Tylko czekać na otwarcie sezonu,, Disko polo zapanuje znowu!, , Ref:, Zawsze w lato pod dyskoteką, ze straganem stoi pan,, Kabanos, serdel, parówka drobiowa, kaszanka zwyczajna,, Co zechcesz wpakuje do buły, a Ty to wpakuj do ust! Uo-o!, , Hot-dog, hot-dog, hot-dog mniam mniam mniam]"
30,HWDP JP 100%,"[1., Jak co tydzień na melanżu, u grubego na chacie,, Gruby pali lolka, młody się zesrał w gacie,, Rapsy lecą z boomboxa, sąsiad dzwoni po pały,, HWDP z mlekiem matki wyssałem,, Psiarskie wchodzą na kwadrat, łysy lolka wyrzuca,, Jak ???? w kiblu spuszczam, jednego zarzucam,, Gruby faka pokazuje, to się psy wkurwili,, Za obrazę policji na 24 nas przymknęli., , Ref., HWDP JP 100%, Tak śpiewa cały Grochów po nocy, JP 100% HWDP, Tak śpiewa cały grochów całe dnie.  x2, , 2., Jak co wieczór z ziomeczkami, zamulamy pod blokiem,, Jakiś frajer zgubił drogę, już ma pizdę pod okiem,, Nabijam lufę, ściągam chmurę, jakoś śmiesznie mi weszło,, Po piorunochronie się wpierdalam na czwarte piętro,, Mam papiery kaskadera jak ten ziomek z Youtube'a,, Najlepsza guma, to była Huba Buba,, Ktoś zadzwonił na psiarnie, przenosimy się na skwerek,, Wszystkie piwa najlepiej smakują z butelek., , Ref., HWDP JP 100%, Tak śpiewa cały Grochów po nocy, JP 100% HWDP, Tak śpiewa cały grochów całe dnie.  x2, , 3., Jak codziennie zza firanki rudy przez okno filuje,, Nawet jak go nie pytają, to się psą pucuje,, Pod żebro kosa każdemu, kto konfidentem się urodził,, Po Grochowskim rejonie długo taki nie pochodzi,, Pamiętaj słowa matki PSM, HWDP,, Nigdy tego nie zapomnę, będziesz dumna ze mnie,, Wyciągam puchę przed komendą napisami zdobię murek., JP 100% cały Grochów tak rymuje., , Ref., HWDP JP 100%, Tak śpiewa cały Grochów po nocy, JP 100% HWDP]"
31,Jagiełło,"[Pod koniec tygodnia, zazwyczaj w piątek, wracam do domu, włączam komputer, odpalam internet, wchodzę na portal, wsiadam w samochód, do bankomatu i, jeden banknot by zakochać się, za 100 zł mogę każdą mieć, , kiedy trzymam go w dłoni, to widzę jak śmieje się do mnie, Władek puszcza mi oko, wręcz zachęca mnie, on pogonił krzyżaków, wiec wie najlepiej, na co wydać go mam, , sobota wieczór, przyjechał kumpel, co dziś pijemy, czy wódę siepiemy, pukam się w głowę, wskazuję monitor, kacpi chowaj 100 zł, wchodź na odloty, jedna dama spodobała się, kacpi zadzwoń może odbierze, , kiedy trzymam go w dłoni, to widzę jak śmieje się do mnie, Władek puszcza mi oko, wręcz zachęca mnie, on pogonił krzyżaków, wiec wie najlepiej, na co wydać go mam, , kolejny wieczór, dzwoni dziewczyna, jakie masz plany, może chcesz iść do kina, potem chodźmy do klubu, ja śmieję się w duchu, przeliczam forsę, i wchodzę na roksę, nawet jakbym wygrał milion w totka, cichodajki z netu to najlepsza opcja, , kiedy trzymam go w dłoni, to widzę jak śmieje się do mnie, Władek puszcza mi oko, wręcz zachęca mnie, on pogonił krzyżaków, wiec wie najlepiej, na co wydać go mam, , kiedy trzymam go w dłoni, to widzę jak śmieje się do mnie, Władek puszcza mi oko, wręcz zachęca mnie, on pogonił krzyżaków, wiec wie najlepiej]"
32,"Jak już coś jebać, to tylko wódę","[Niektórzy jebią Tuska,, A inni Kaczyńskiego., Wszyscy PZPN,, A mi nic do tego., , Ref:, , Powiem jedno słowo, co ja wiem:, Zamiast jebać napij się !, Jak już coś jebać to tylko wódę,, A po wódzie Damy w burdelu., Jak już coś jebać to tylko wódę,, A po wódzie świnie w kabinie., , Wisła jebie Cracovię,, Cracovia nie jest dłużna., Falubaz - Stal Gorzów,, Unibax - Elanę., , Ref:, , Powiem jedno słowo, co ja wiem:, Zamiast jebać napij się !, Jak już coś jebać to tylko wódę,, A po wódzie Damy w burdelu., Jak już coś jebać to tylko wódę,, A po wódzie świnie w kabinie., , Ktoś tam jebał cyganów,, Ich zjebała prokurator., Większość jebie policję,, A bej jebie okrutnie., , Czy rozumiesz o co chodzi nam ?!, O nic właśnie, KURWA MAĆ !, , Jak już coś jebać to tylko wódę,, A po wódzie Damy w burdelu., Jak już coś jebać to tylko wódę,]"
33,"Janko, Janeczko","[Janko, Janeczko,, Czy pamiętasz chłopca z lata,, który taczką, wieczorami, woził gnój..., Janko, Janeczko,, w sercu rana ciągle trwa,, a chłopiec na redlinie cicho łka..., , Mej rady wysłuchaj,, mój przyjacielu,, żony nie szukaj,, po prostu ruchaj!, Dziewczyna z miasta, nie dla ciebie., Studia i praca w biznesie, też nie dla ciebie,, bo żeś wyrósł w chlewie!, , Janko, Janeczko,, Czy pamiętasz Zduńską Wolę,, białą Corsę z rejestracją, EZD...., Janko, Janeczko,, utracona miłość ma,, serce ból,, a Corsę trawi rdza..., , Mej rady wysłuchaj,, mój przyjacielu,, żony nie szukaj,, po prostu ruchaj!, Dziewczyna to jest wróg, śmiertelny chłopca, nieszczęśliwego, co chciał oddać serce, z miasta hipsterce!, , Janko, Janeczko,, łapy zdobi milion sznyt,, każda z nich, to łezka w serce me..., Janko, Janeczko,, sznur już w szyję, wrzyna się..., chuj ci w dupę,, nie spotkamy więcej się!, , Mej rady wysłuchaj,, mój przyjacielu,, żony nie szukaj,, po prostu ruchaj!, Dziewczyna nigdy, nie zrozumie chłopca, i zwierząt nie kocha., Leniwa jak świnia, stąd tak się nazywa!, , Mej rady wysłuchaj,, mój przyjacielu,, żony nie szukaj,, po prostu ruchaj!, Kto daje i zabiera, ten się w piekle, będzie smażył,, że pozwoliłaś,]"
34,Jebać studia!,"[Pytanie, skoro nie biorą do woja, Po co męczyć się po szkołach?, Średnie lub zawodowe, To aż nadto na budowę, , Jebać studia!, Studia - syf!, , No chyba, że za granicę, Ścierka w łapę i miednicę, INŻ i MGR, Myją gary w IRL, , Jebać studia!, Studia - syf!, ]"
35,Już polane stoi szkło,"[(Figo):, Pierwsza lufa nie weszła mi, w gardle bełt a w oczach łzy;, Po co się z piwami czaić, lepiej na start gołdę walić;, (Fagot):, Pękła ćwiartka mało mi, młody wstawaj tam są drzwi;, Na CPN po 0,5, dziś zajebać się mam chęć;, (Figo):, Styknie szkło popity brak, chuj z popitą pójdzie bal;, W gardle bełt a w oczach strach, zaraz zrzygam się na blat;, (Fagot):, Kurwa młody co zrobiłeś, papieroski ubrudziłeś;, Dobra siadaj zostaw to, już polane stoi szkło;, , Refren:, Teraz gdy wódę leje z gwinta w ryja,, Czuje się tak, że Jezus Maryja;, Już w raju tysiąc lat temu Adam biegł do cpnu,, Ewa mu nie żałowała nawet 2kace dawała,, Nie dziw się kochana zatem, że chce czasem wypić z bratem,, Rosół byś ugotowała a nie mordę piłowała., , (Figo):, Litr zrobiony kurwa mać, teraz komu by wjebać;, Dawaj Fagot pod remizę, nabijemy komuś pizdę;, (Fagot):, Dobra Figo luz pomału, pizdy szukaj na portalu;, Zobacz tu za stówkę średnia, czy dojeżdża? Tak dojeżdża!, (Figo):, Fagot ty dzwoń ja się wstydzę, no i trochę damy brzydzę;, Wiesz bo ja chce się zakochać, a nie kurwie cnotę oddać;, (Fagot):, Zobacz jaka nie odbiera, a dwa cztery ma cholera;, Dobra wóda w bombach stoi, sama się nie wypierdoli;, , Refren:, Teraz gdy wódę leje z gwinta w ryja,, Czuje się tak, że Jezus Maryja;, Już w raju tysiąc lat temu Adam biegł do cpnu,, Ewa mu nie żałowała nawet 2kace dawała,, Nie dziw się kochana zatem, że chce czasem wypić z bratem,]"
36,Lato i morze,"[W pociągu tłok tak jak w Sylwka w monopolu, 10 godzin w korytarzu walki alkoboju, Wyrzynięci jak szmaty wytaczamy się Klimczoka, Pierwsze kroki na plaże, choć barowa jest pogoda, , Stopni 15, w wodzie 11, Wieje strasznie, zaczyna mżyć!, , Lato i morze, i piwerko na dworze, Od nocy do rana bania, bania, bania, bania, jak pies ze smyczy chłopak szuka zdobyczy, Od nocy do rana, gdzie jesteś kochana?, , Czwarty dzień pod namiotem, już nie pada od godziny, Teraz żrą nas komary, no coś za coś, więc łowimy, Ryby tu co prawda mało, mało nie wpadłem w bajoro, Z dala słychać znowu grzmoty, Super, w deszczu lepiej biorą!, , Unoszę wędzisko, nagle błysk, Nic już nie widzę, erka Olsztyn!, , Lato, Mazury, hektolitry wódy, Od nocy do rana bania, bania, bania, bania, jak kleszcz z leszczyny chłopak szuka dziewczyny, Od nocy do rana, gdzie jesteś kochana?, , Tydzień w Zakopanym droższy niż w Chorwacji miesiąc, Za to góry jakie piękne, oscypek, ciupaga, Giewont, To pijany rycerz drzemie, gdy cepry wódkę piją, dudki lecą w baranicę, w górach przecie kaca ni mo!, , Wódeczka jak halny - odbija mi!, unoszę stołeczek, dostaję w ryj!, , Lato i góry, i w bacówkach awantury, Od nocy do rana bania, bania, bania, bania, Jak pies pasterski chłopak szuka partnerki]"
37,"Madziu, Magdo, Magdaleno","[I., Od Buczka, aż po Siwuch płoty plotka niesie,, Że Madzia Szumoń z Bydlęcina oddaje się., Wystarczy wymówić „pół litra” zaklęcie, I już nie oprze się tym czarom dziewczęcie., Podobno wielu czarowników próbowało, I każdy twierdzi, że się wszystko mu udało., Na CPN pełen nadziei poszedłem piechotą,, Ale to co mnie spotkało, to sromota i błoto., , Ref., Magdo, Madziu, Magdaleno,, Czemu guma to strapienie?, Czemu nago mi nie wolno?, Po co łez mych aż tak wiele?, Czemu ustom negliż miły?, Na co łonu obrzydliwy?, Półlitrówka jeszcze cała., Daj mi to, coś obiecała., , II., Wódeczka, wieczór, świerszcze grają disco polo., Jak głoszą czary, przepijamy tylko wodą., Zakładaj gumę, bo późny już czas., No jak to? Tak to. Jak to? Nie mam... Weź spadaj!, Nie wiem, czy to wódka, czy po prostu zgłupiałem,, Ale o tych wiejskich czarach prosto w twarz jej wykrzyczałem., Nie minęły trzy sekundy, z liścia w ryja zebrałem., I choć nic z tego nie było, rozpowiadam, że bzykałem., , Ref., Magdo, Madziu, Magdaleno,, Czemu guma to strapienie?, Czemu nago mi nie wolno?, Po co łez mych aż tak wiele?, Czemu ustom negliż miły?, Na co łonu obrzydliwy?, Półlitrówka jeszcze cała., Daj mi to, coś obiecała., , Magdo, Madziu, Magdaleno,, Czemu guma to strapienie?, Czapkę zdjąć trzeba w kościele., W czapce nie siedzieć przy stole., Czemu nago mi nie wolno?, Po co łez mych aż tak wiele?, Kończy sama się butelka., Kończy w dłoni ta piosenka., Ta piosenka...]"
38,Magiczna Kraina,"[W każdym klubie jest jedno tajemnicze miejsce, I jedno pytanie, W miejscu tym nie był nigdy żaden chłop,, A miejsce to..., , Magiczna Kraina, , W dyskotece dwa kible trójkącik i kółko, Pod jednym kolejka, przy drugim pusto, Co tam jest w tym kibelku, że przyciąga tak je, Chuj mnie chyba zastrzeli jak nie dowiem się, Ja mówię dość, dzisiaj wbijam na bogato, - Gdzie leziesz kretynie?, - Patrz Andrzej na to, Idę przez świnie, opór rośnie im bliżej, W końcu łapię za klamkę, no i..., , To mały człowiek dla ludzkości..., Bo faktycznie jest niewysoki, , W topless ubrane w zwolnionym tempie po klopie biegają, Duże i olbrzymie - nie ma małych cycków w magicznej krainie, Dziewczynki bez zawiści między sedesami porównują cycki, Duże i olbrzymie - nie ma małych cycków w magicznej krainie, , , Czy to sen, czy to jawa co widziałem w kiblu, Nie wiem, sporo wypiłem - sprawdzić muszę to znów, Tydzień minął jak z bicza, znowu wbijam na balet, Przyczajony jak żaba wódkę spod stołu walę, Nagle jeb! Dwunasta w nocy w chuj kolejka, Pod damskim tłumy, świn chyba z setka, Przełykam ślinę, łyk na drogę no i idę, Znowu łapie za klamkę no i.., , (Haha! Pa na tego jaki napalony!, Puśćcie go bo się zaraz pożyga!, Ło Jezu, zeszczał się w spodnie), , W topless ubrane w zwolnionym tempie po klopie biegają, Duże i olbrzymie - nie ma małych cycków w magicznej krainie, Dziewczynki bez zawiści między sedesami porównują cycki, Duże i olbrzymie - nie ma małych cycków w magicznej krainie, , W topless ubrane w zwolnionym tempie po klopie biegają, Duże i olbrzymie - nie ma małych cycków w magicznej krainie, Dziewczynki bez zawiści między sedesami porównują cycki]"
39,Małgoś,"[Małgoś Małgoś Małgoś głupia., Poszłaś za cyganem., On okłamał, potem okradł., I zostawił Ciebie z brzuchem., , A nie mówiłem Małgoś kochana., Nie idź dzisiaj do tego cygana., Czy coś Cię nauczy cygańska przygoda?, Nie sądzę kochana boś głupia i młoda., , Roczek już minął żonie wybaczyłem., A dziecię przyjąłem jakby moje., Jednak byłem głupi, bo gdy nie patrzyłem., Zapierdolił mi portfel., , Nie chciał się przyznać., Nawet, gdy biłem., A w księżycową noc uciekł do taboru., , A nie mówiłem moja kochana., Wyskrob proszę tego cygana., Cygan to złodziej i tak już zostanie., Pan Jezus w biblii ma to napisane., , Nanananana nananana nene, Pan Jezus w biblii ma to napisane., Nanananana nananana nony, Może i zbiłem, lecz miałem powody, Nanananana nananana ore, Ore ore ore ore, , Morał piosenki pewnie już znacie, Znowu przyjechał Małgoś poleciała, Powiedzcie, co jest z tymi babami, Ze jak suki w cieczkę lecą z cyganami, , Jak się nie wkurwić moja kochana?, Przecież znów rodzisz małego cygana, Nie rób tych oczu to nic nie pomoże, Współczucia szukaj w cygańskim taborze, , Nanananana nananana nene, Pan Jezus w biblii ma to napisane., Nanananana nananana nana, Może i zbiłem, lecz miałem powody, Nanananana nananana nony, Może i zbiłem, lecz miałem powody, Nanananana nananana ore]"
40,Mamuniu miła,"[Mamuniu miła! Chociem za domem tyle lat, To moje serce za tobą ciągle łka!, Z tobą bezpieczny zawsze byłem, I nigdy głodny nie chodziłem, mamo ma!, Matulu ma!, Mamuniu miła lalalalala ciura lalalalalalala!, Ten chłopiec tęskni za Tobą!, Powiedz proszę mamo... że tęsknisz trochę też..., trochę też..., Mamo ma..., , A teraz na pokładzie kutra ""Bąk"", Rozplątuję sieci, w tle mewy płącz!, Ja mamo płaczę razem z mewą tą!, Za domem płaczę mamo... tak jak ten dorsz!, , Mamuniu miła! Chociem za domem tyle lat, To moje serce za tobą ciągle łka!, Z tobą bezpieczny zawsze byłem, I nigdy głodny nie chodziłem, mamo ma!, Matulu ma!, Mamuniu miła lalalalala ciura lalalalalalala!, Na kutrze tęsknię za tobą!, Nikt tutaj mnie nie lubi... i dokuczają mi, mamo ma..., Śmieją się..., , A teraz gdy rękawem ocieram łzę!, I przełykam scharśliny słony smak!, Pamiętam jak na rękach nosiłaś mnie, - a mogłem skończyć studia - pies jebał mnie!, , Mamuniu miła! Chociem za domem tyle lat, To moje serce za tobą ciągle łka!, Z tobą bezpieczny zawsze byłem, I nigdy głodny nie chodziłem, mamo ma!, Matulu ma!, Mamuniu miła lalalalala ciura, lalalalalalala!, , Ten Bałtyk jest słony od łez!, Może mi przebaczysz jak przeczytasz ten list, Mamo ma...]"
41,Mętne oczy,"[Dyskoteki zaraz będzie szczyt, DJ wybije wkrótce północ, Zaliczy ten co dziewczynę uwiódł już, Temu co się spóźnił zostanie internet, , Chodzę wciąż i szukam, Patrzę no i szukam, Czy wypatrzę dzisiaj je, , Mętne oczy, Mętny wzrok, Mętne oczy, Mętny wzrok, Mętne oczy, Mętny wzrok, Mętne oczy, Pawia woń, , Zawsze twardo nogami na ziemi stoję, Nie celuję w ślicznotki,  nigdy w inteligentki, Gustuję w dziewczynach o buziach roześmianych, Oczach zalanych i myślą nieskalanych, , Chodzę wciąż i szukam, Chodzę no i szukam, Czy popatrzę dzisiaj w nie, , Mętne oczy, Mętny wzrok, Mętne oczy, Mętny wzrok, Mętne oczy, Mętny wzrok, Mętne oczy, Pawia woń, , Patrzę no i widzę, Patrze w nie i widzę, Teraz wreszcie ze mną są, , Mętne oczy, Mętny wzrok, Mętne oczy, Mętny wzrok, Mętne oczy, Mętny wzrok, Mętne oczy]"
42,Miłosne tango,"[O o o ooo o ooo., O o o ooo o ooo., Ooo., Ooo., // x2., , I., Randka jak ruletka ruska -, Kula w łeb lub seks., Dzisiaj chcę mieć pewność, mała,, Nie chcę zabić się., Film wybrałem w internecie,, Chusteczka gotowa., Dziś nie będę płakać, mała., Dziś randka solowa..., , Ref., Raz, raz, raz, miłosne tango., Tańczę solo na słuchawkach,, Bo za ścianą w kuchni siedzi matka., Raz, dwa, trzy, miłosna cha-cha., Chyba przeniosę się do sracza,, Bo z ptakiem w łapie matka mnie przyłapie., , II., Związek jak koryto świńskie -, Pusty jest lub nie., Dziś ci mówię: nie mam czasu,, Dziś się nażreć chcę., Nawet jak internet stracę,, Z pamięci sobie poradzę., Wyobraźnia figle płata -, Dlaczego w orgii widzę brata?, , Ref., Raz, raz, raz, miłosne tango., Tańczę solo na słuchawkach,, Bo za ścianą w kuchni siedzi matka., Raz, dwa, trzy, miłosna cha-cha., Chyba przeniosę się do sracza,, Bo z ptakiem w łapie matka mnie przyłapie., , III., Miłość jak partyjka w pingla., Grubba ze mnie słaby., Nie znam zasad, oszukuję., Nie rozumiem baby., Wolę jak ten kret w swej dziupli, Glizdę sam tarmosić,, Niż się ciebie ukochana godzinami prosić., , Ref., Raz, raz, raz, miłosne tango., Tańczę solo na słuchawkach,, Bo za ścianą w kuchni siedzi matka., Raz, dwa, trzy, miłosna cha-cha., Chyba przeniosę się do sracza,, Bo z ptakiem w łapie matka mnie przyłapie., , O o o ooo o ooo., O o o ooo o ooo., Ooo., Ooo.]"
43,"Miłość, miłość, miłość","[A Twoje oczy płoną żarem, Jak ekogroszek, karton jaj, I tak mógłbym się w nie wpatrywać, Jak w piec w piwnicy, cały dzień, Tylko przyniosłabyś mnie piwo, Bo z tej miłości usechłbym, Poszukaj w kuchni, a jak nie ma, To weź na zeszyt, miła ma!, , Jaka ta miłość, miłość, miłość, Miłość, miłość jest szalona, Jak to brzmi cudownie, Ja i ooooona, , Jaka ta miłość, miłość, miłość, Miłość miłość oszalała, Czego chłopiec nie zrobi, Żeby zaliczyć, , A Twoje piersi krzyczą do mnie, Błagają, proszą żebym je, Żebym je wyjął, uratował, Bo w tym staniku duszą się, Tylko mi nie mów o okresie, Że właśnie dzisiaj wypadł Ci, No trudno, inaczej zrobimy, Na gębie nie masz podpaski!, , Jaka ta miłość, miłość, miłość, Miłość, miłość jest szalona, Jak to brzmi cudownie, Ja i ooooona, , Jaka ta miłość, miłość, miłość, Miłość miłość oszalała, Czego chłopiec nie zrobi, Żeby zaliczyć, , Raz jeden chłopiec kupił wino, Założył krawat, wyprał swetr, Kalosze łojem wypastował, Ale nie wiedział jeszcze, że, Że dziewczę właśnie w tym momencie, Innemu chłopcu dała ona, Tak to już bywa z tą miłością, Raz walisz babę, a raz konia!, , Jaka ta miłość, miłość, miłość, Miłość, miłość jest szalona, Jak to brzmi cudownie, Ja i ooooona, , Jaka ta miłość, miłość, miłość, Miłość miłość oszalała, Czego chłopiec nie zrobi]"
44,Najebany to do domu,"[Czwartek to mały piątek, na logikę dzisiaj środa, Powoli można startować, w weekend zaczynać od nowa, Lodóweczka, potem stacja, potem 0,5 w plenerze, Ani się nie obejrzałem, najebałem się jak zwierze, Już pod klubem stoję sam, dzięki Boże, że trafiłem, 200 gramów jeszcze mam, z tym nie wpuszczą, więc wypiłem, Wypiłem, wypiłem, wypiłem, wypiłem, wypiłem, wypiłem, Najebany to do domu, , Hej dziewczyno młoda, Zatańcz w mych ramionach, Niech miłości prąd kopnie nas, Na na na na, Spytaj czy Cię kocham, Niech odpowie wiatr, Miłości szepnie po kryjomu:, ""Najebany to do domu"", , Szorstko mówi miękkim basem: ""tylko pieniądz tu pomoże"", Prędko z ręki w rękę poszedł papierowy polski książę, Szybka lufa i na parkiet tam, gdzie świnia rezyduje, Jak baranina turecka na grillu w tańcu wiruje, Już na oku jedną mam, Chwiejnie w podskokach podbijam, Co Ty mówisz, jaki cham, Weź nie pierdol chodź na szluga, Na szluga, na szluga, na szluga, na szluga, na szluga, na szluga, Najebany to do domu, , Hej dziewczyno młoda, Zatańcz w mych ramionach, Niech miłości prąd kopnie nas, Na na na na, Spytaj czy Cię kocham, Niech odpowie wiatr, Miłości szepnie po kryjomu:, ""Najebany to do domu"", , Z klubu szybko wyjebali, końca wiksy nie widziałem, Nawet mocno nie pobili, wstałem spodnie otrzepałem, Na piechotę do kebaba, chociaż dłonie z gębą starte, Kurwa na to mogę czekać, kebab to jest spoko żarcie, Sreberko odwijam i nagle cios, Przecież zamówiłem ostry sos, Co tu robi białe, czy wyglądam jak baba, Kurwa Alibaba daj drugiego kebaba, Hala banacha Ankara Istambułu, Najebany to do domu, , Hej dziewczyno młoda, Zatańcz w mych ramionach, Niech miłości prąd kopnie nas, Na na na na, Spytaj czy Cię kocham, Niech odpowie wiatr, Miłości szepnie po kryjomu:, ""Najebany to do domu"", , Hej dziewczyno młoda, Zatańcz w mych ramionach, Niech miłości prąd kopnie nas, Na na na na, Spytaj czy Cię kocham, Niech odpowie wiatr, Miłości szepnie po kryjomu:]"
45,Nigdy nie wierz mu...,"[Znaczek rezerwy dawno już mignął, W zamiarze miałem kupić paliwo, Więc zajeżdżamy pod dystrybutor, Lejemy ON Eco Fuel Motor, , Weszliśmy tylko do sklepu kupić fajki i piwo, Ni to z dupy ni spod ziemi wylazł śniady akwizytor, Kapuczino tankuje a ten dupę mu truje, Noże jakieś prezentuje - czy on łeb zmienił z chujem?!, , Nigdy nie wiesz mu, ten towar nie, Jest wart 70 złotych, Kapu-Kapuczino te noże nie, Nadają na prezent się, Targuj targuj się, 5 dych to grzech, Nawet trzy to o wiele za dużo, Wyrolował cię biznesmen z Rumunii,, A te noże nie są z Szwajcarii, , Kebab turecki na starym mieście, Mieszane mięso i ser w grubym cieście, Bukareszt-nuta bajkę przerywa, Trochę mnie wkurwia, bo nieźle przygrywa, , Fagot, daj spokój, ten chłopczyk wcale nie gra dużo lepiej, Zostaw to krzesło, po co w portfelu grzebiesz?, Pożycz 2 złote, dam mu może przestanie, Zara, gdzie pormonetka? Już zniknęła w bramie, , Nie denerwuj się w pormonetce, Było max 17 złotych, Ten chłopiec wcale nie warty jest, Artykułu 158, Zastanawiam się czy powiedzieć że, Nie ma też kluczyków od żuka, Zgubiłem je godzinę wstecz, Ale zwalę na cygana chłopczyka, , Cygańska wróżba warta chuj cały, Ja mowię: Gdzie! Ale młody podjarany, I już do wróżki łapę wyciąga, Ta niby wróży i na kasę naciąga, , Fagot, zobacz! Już wkrótce się zakocham i wojo, Mnie ominie i jeszcze widzi dom i samochód, Tylko po co za każdą wizję płacisz PLNy, To jest lepsze niż automat w Las Vegas 24, , Nigdy nie wierz jej, ta wróżba nie, Była warta 70 złoty, Jakie wojo? Przecież w Polsce nie, Biorą do woja po szkole, Trzeba było przepić pieniądze te, Albo zgubić to mniejsza szkoda, Mogłeś też tą kasę oddać mnie]"
46,Ooooo kończy się już noc,"[Oooo ooooo!, Oooo ooooo, O ooo oo oo! (2x), , Ooooo kończy się już noc, ja mam w dupie to!, Ooooo jutro będzie kac, ale jebać to!, , Jestem zwykłym chłopem, lubię wypić piwo, lubię też wódeczkę, i kocham dziewczynki, Wychodzę na parkiet, i dęsem świruję, łapię przypadkiem, za cycki, za dupę!, , Najebany na parkiecie, kręcę się, już ze 4 w ryj mi dały,, próbuje dalej., Czy w tej trzodzie na parkiecie, dzisiaj znajdę cię?, I na tyłach,, dyskoteki..., , Ooooo kończy się już noc, ja mam w dupie to!, Ooooo jutro będzie kac, ale jebać to!, , W nocy szef napisał, jutro bądź na ósmą, czy go pojebało?, Sporo żem już chlusnął., Na balkonie z chłopakami, Zerujemy litra żyta,, potem niewiele pamiętam,, aż tu nagle świta wryta!, , Najebany na balkonie, mordę drę,, raz straż miejska upomniała,, drę dalej,, policja uspokaja, a ja olałem to,, i na tyłach,, radiowozu..., , Ooooo kończy się już noc, ja mam w dupie to!, Ooooo jutro będzie kac, ale jebać to!, , Przysięgam od jutra!, (od jutra...), Nie będę pił!, (Będę pił...), Wiec skoro to ostatni raz., (Ostatni...), To dzisiaj... walę w opór!!!, , Ooooo kończy się już noc, ja mam w dupie to!, Ooooo jutro będzie kac, ale jebać to! (2x), , Oooo ooooo!, Oooo ooooo]"
47,Pakistański Chłopie,"[Oto historia o miłości nieszczęśliwej, O szukaniu swej połówki i wypadku z bronią, O kacu o poranku, że człowieka trafia szlag,, O pakistańskim chłopcu, a stało się to tak:, , Nie ma tu Wi-fi, tylko Radio Maryja,, Ja się z bólu zwijam krzycząc: „Baśka, come back”, Mam kilo C cztery i pasem to owijam,, Straszna z ciebie świnia, to wszystko twoja wina, tak., , Przeglądam nasze zdjęcia ze ślubu, A w oku mym kręci się zielona łezka, Chciałbym znowu z tobą zrobić łubudubudubu, Niech ktoś mi powie, gdzie ona mieszka, , K do O - O do C - C do H - H do A;, A do M ko-ko-ko-kocham cię, Ba-ba-ba-ba-ba-baśka ko-ko-ko-kocham cię, , K do O - O do C - C do H - H do A;, A do M ko-ko-ko-kocham cię, Ba-ba-ba-ba-ba-baśka ko-ko-ko-kocham cię, , Figo, do cholery, daj żreć Borysowi, Ujada od godziny i nie daje mi spać, Jeść mu już dawałem, a on dalej szczeka, Ktoś łazi za płotem, zaczynam się bać, , Figo zamknij drzwi, jak komornik to mnie nie ma, Jakby pytał o mnie to ukrywam się w Anglii, Nie, to nie komornik, raczej jakiś Czesiek, W spódnicy i na wrotkach podjeżdża do furtki, , K do U - U do R - R do W - W do A;, Kurwa mać, ku-ku-ku-kurwa mać, Żaden obcy nie będzie tu stać, , K do U - U do R - R do W - W do A;, Kurwa mać, ku-ku-ku-kurwa mać, Żaden obcy nie będzie tu stać, , Stoję w swych sandałach, w kałuży cały mokry, Przycisk nie chce działać, (niech to keszke meszke bleh), I nagle zza stodoły wychodzą święte krowy, I se przypomniałem, że sprzedałem wszystkie kozy, Baśka, dlaczego ode mnie uciekłaś?, Abdul tak bardzo przecież kocha cię, Od czterech dni na wrotkach się po Szczytnie szwędam, Jak cię nie znajdę to wysadzę się, , K do O - O do C - C do H - H do A;, A do M ko-ko-ko-kocham cię, Ba-ba-ba-ba-ba-baśka ko-ko-ko-kocham cię, , K do O - O do C - C do H - H do A;, A do M ko-ko-ko-kocham cię, Ba-ba-ba-ba-ba-baśka ko-ko-ko-kocham cię, , Figo dlaczego on wciąż krzyczy o Szczytnie?, Czy ja o czymś nie wiem, niech mnie ktoś uszczypnie, Fagot nie panikuj, ciągle jesteśmy w Buczku, Ten wariat chyba ma mamuniu kuku, , Dosyć uprzejmości przynieś strzelbę po dziadku, Fagot chyba nie chcesz… Oczywiście, że chcę, Daj mi tylko wcześniej zadzwonić po karetkę, Nie wiadomo nigdy czy nie postrzelisz mnie, , O do J - J do E - E do Z; Z do U;, O Jezus Maryja jak go boli szyja, Zamiast wariata postrzeliłeś brata, , O do J - J do E - E do Z - Z do U;, O Jezus Maryja jak go boli szyja, Zamiast wariata postrzeliłeś brata., ]"
48,Pastorałka,"[ref., HOŁ! HOŁ! HOŁ! Pierwsza gwiazdka na niebie,, Stoły stoją zastawione a karp zdycha w zlewie,, Dzyn, Dzyn, Dzyn! Polej w szklaneczki żyto,, Co to za wigilia żeby na niej nie pito?, Lulilaj, drżyjcie monopolowe,, O północy naród przyjdzie wypić Boże zdrowie, , GLOOOORIA, GLOOOORIA, GLOOOORIA in EXELSIS DEO!, , 24 grudnia - każdy wie co to znaczy,, Butle krążą po zakładzie, zgadza się - śledzik w pracy,, Kierownik zmiany z łokcia flakon odbija,, Dyscypliny nie utrzyma - w końcu dzisiaj wigilia,, Pan dyrektor w gabinecie z sekretarką świruje,, Telefon do żony: będę trochę później,, Magia świąt zadziałała, zaczynają się harce,, Edek Zdybel na tokarce połamał se palce, , ref., HOŁ! HOŁ! HOŁ! Pierwsza gwiazdka na niebie,, Stoły stoją zastawione a karp zdycha w zlewie,, Dzyn, Dzyn, Dzyn! Polej w szklaneczki żyto,, Co to za wigilia żeby na niej nie pito?, Lulilaj, drżyjcie monopolowe,, O północy naród przyjdzie wypić Boże zdrowie, , GLOOOORIA, GLOOOORIA, GLOOOORIA in EXELSIS DEO!, , Wystrojeni jak na pogrzeb pakujemy się w Nubirę,, Wigilia u teściów, trudno, raz się żyje,, Zapach ryby i kapusty od progu uderza,, Szkoda że już nie ma POLAKA PAPIEŻA,, Babcia ruga wnuka za to, że ten pogryzł opłatek,, Ja zezuję na pół litra i oblizuję japę,, Piasek w telewizji śpiewa Lulajże Jezuniu,, Teściu zrobił się i kima - lulajże tatuniu..., , ref., HOŁ! HOŁ! HOŁ! Pierwsza gwiazdka na niebie,, Stoły stoją zastawione a karp zdycha w zlewie,, Dzyn, Dzyn, Dzyn! Polej w szklaneczki żyto,, Co to za wigilia żeby na niej nie pito?, Lulilaj, drżyjcie monopolowe,, O północy naród przyjdzie wypić Boże zdrowie, , GLOOOORIA, GLOOOORIA, GLOOOORIA in EXELSIS DEO!, , Ludzi w opór pod kościołem, każdy flaszka w ręce,, Za piętnaście dwunasta - witamy na pasterce,, Edek Zdybel zdrową ręką odpala race,, Po pijaku go poniosło w ""suce"" liczy palce,, Ksiądz się chwieje na ambonie, bo Król Polski się narodził,, Symboliczne trzy ćwiartki - niech nam długo rządzi,, Już pasterka się skończyła, wszyscy wracają na bani,, Spokojnie kochani - jeszcze dwa dni bani!, , ref., HOŁ! HOŁ! HOŁ! Pierwsza gwiazdka na niebie,, Stoły stoją zastawione a karp zdycha w zlewie,, Dzyn, Dzyn, Dzyn! Polej w szklaneczki żyto,, Co to za wigilia żeby na niej nie pito?, Lulilaj, drżyjcie monopolowe,, O północy naród przyjdzie wypić Boże zdrowie]"
49,Piękna Dziewczyno,"[Piękna dziewczyno, przynieś mi piwo i otwieracz, bo mam zapalacz z latareczką,, I nie zapomnij o papieroskach, przez ten zapalar nie starczyło mi na race i się nie przejmuj jak masz cieniasy, grube palę tylko przy kumplach. Tak przy okazji zamów też pizzę, bo po dymaniu zawsze mam apetyt!, , Piękna dziewczyno!, , Byłbym zapomniał: to jest rozporek, za tym suwaczkiem mieszka krasnoludek , gdy go pogłaszczesz jak lampę dżina, on może spełnić twoje trzy marzenia. A jak mi powiesz: ""W dupę nie biorę"", to nie bądź głupia, nawet pedały  to robią, nie będę gorszy, a nie, przepraszam, trochę się zagalopowałem!, , Piękna dziewczyno!, ]"
50,Pioseneczka o woreczku mosznowym,"[A kiedy samotność doskwiera,, Wyciągam woreczek mosznowy, Gadamy jak kumple z wojska., Śpiewamy przy wódce do rana., , A kiedy na głowę pada,, Naciągam woreczek na łeb., A kiedy głód mi dokucza,, pakuję woreczek do ryja., , To mój ulubiony refren., , A kiedy smutno mi czasem,, Maluję na woreczku buzię., Woreczek zna super żarty, O Niemcu, Polaku i Rusku., , Taką modulację zastosowałem tutaj., ]"
51,Piosenka dla Kapuczino,"[To mój Kapuczino, Wiozłem go dzisiaj z Krakowa, Normalnie     ?, Ale dzisiaj zostałem do tego zmuszony]"
52,Pisarz miłości,"[Tańcz!, , Tańcz!, , Pisarz miłości mówią mi, bo magiczny długopis w rozporku noszę,, Nim wypisuję bladym tuszem, komunikaty w notesie Twym., Kiedy byłem mały to matka mówiła mi 'Michaś, nie idź tam""., Lecz ja na moim kutrze sam sobie sterem, wędkarzem i rybą., , Świruj, świnio, tańcz, świruj jak pojebana,, Pójdziemy do WC jak już będziesz pijana,, Świruj, świnio, tańcz, to Tequila Sunrise,, Napiszę ""tu byłem"" magicznym długopisem., Świruj, świnio, tańcz!, Świruj, świnio, tańcz!, Świruj, świnio, tańcz, ja nie bardzo potrafię,, A Tekila Sunrise wykrzywia mi japę!, , Pisarz miłości, uwierz mi, więc zapraszam do mojej czytelni., Czysty zeszycik przed sobą widzę, sama skuwka ściągnęła się., Ja gumy nie noszę, to są fiuta kalosze, więc nie zdziw się jak pobiegnę boso., Z długopisikiem podpiszę się atramentem sympatycznym..., , Świruj, świnio, tańcz, świruj jak pojebana,, Pójdziemy do WC jak już będziesz pijana,, Świruj, świnio, tańcz, to Tequila Sunrise,, Napiszę ""tu byłem"" magicznym długopisem., Świruj, świnio, tańcz!, Świruj, świnio, tańcz!, Świruj, świnio, tańcz, ja nie bardzo potrafię,, A Tekila Sunrise wykrzywia mi japę!, , Pisarz miłości, co za wstyd, od drinów długopis nie chciał się rozpisać,, Choć go strzepnąłem, on ani drgnie, tusz nie ozdobi pocztówki tej,, Kiedy wracam na tarczy to matka od progu ""chuchnij"" mówi mi,, Od takiej zjeby przetrzeźwiałby nawet Kwaśniewski..., Zamykam się w pokoju, spisuję wspomnienia w notatniku swym,, Może to i lepiej, w pornoskach są ładniejsze dziewczynki..., , Świruj, świnio, tańcz, świruj jak pojebana,, Pójdziemy do WC jak już będziesz pijana,, Świruj, świnio, tańcz, to Tequila Sunrise,, Napiszę ""tu byłem"" magicznym długopisem., Świruj, świnio, tańcz!, Świruj, świnio, tańcz!, Świruj, świnio, tańcz, ja nie bardzo potrafię,, A Tequila Sunrise wykrzywia mi japę!, , Tańcz!, , Świruj, świnio, tańcz, świruj jak pojebana,, Pójdziemy do WC jak już będziesz pijana,, Świruj, świnio, tańcz, to Tequila Sunrise,, Napiszę ""tu byłem"" magicznym długopisem., Świruj, świnio, tańcz!, Świruj, świnio, tańcz!, Świruj, świnio, tańcz, ja nie bardzo potrafię,, A Tekila Sunrise wykrzywia mi japę!, , , PO SŁOWIE:, Fagot: Co jest?, Figo: Zawahał się przy 15 zł. Boję się, że o dowód zapyta., Fagot: Eeee, jak już leje, to nie będzie pytał,, Kosmita: Odbija zawór?, Fagot: Co ma nie odbijać, pewnie że odbija.]"
53,Podobno nigdy tego nie robiła,"[Ref., Podobno, podobno nigdy tego nie robiła,, A w łóżku zasuwa, jak maszyna., Podobno, podobno nigdy tego nie robiła,, A w łóżku, jak Opel!, , I., Na dyskotece dziewcząt miliony., Każdej miła jest pała,, Lecz to nie dla mnie, nie takiej żony, Chciałbym, co z nikim nie spała., , W końcu zwątpiłem, więc trochę wypiłem., W kącie błysnęły pingle., Dzień dobry, aniele. Jak ci na imię?, Przepraszam, jak ci na imię?, , Potem, jak z płatka,, Jedna, druga, trzecia randka., Na piątej buzi dała., W końcu upadł na kolana., , Oświadczyny., Sala rezerwowana, I w noc poślubną, dopiero z nim spała., , Ref., Podobno, podobno nigdy tego nie robiła,, A w łóżku zasuwa, jak maszyna., Podobno, podobno nigdy tego nie robiła,, A w łóżku, jak Opel!, , II., W nocy się cieszyłem;, Rano zaniepokoiłem., Sprawę przemyślałem, i się wystraszyłem., , Skoro mówi, że z nikim nie spała,, To skąd to wszystko, do cholery umiała?, Takie rzeczy z przedmiotami wyprawiała,, A nawet pod koniec palec w dupę mi wkładała., , I słuszne miał obawy,, Takie są wszystkie baby., Gdy spytasz, z iloma spała,, Mnóż przez dziesięć - tylu miała., , Co zrobisz, jak nic nie zrobisz?, Takie koleje losu., Bo przecież z dwojga złego,, lepsza baba od pornosów., , Ref., Podobno, podobno nigdy tego nie robiła,, A w łóżku zasuwa, jak maszyna., Podobno, podobno nigdy tego nie robiła,, A w łóżku, jak Opel!, , O, Jezu,, Czym sobie na to zasłużyłem?, Przecież poznaliśmy się sześć miesięcy temu,, A ta latawica już urodziła., , Ref., Podobno, podobno nigdy tego nie robiła,, A w łóżku zasuwa, jak maszyna., Podobno, podobno nigdy tego nie robiła,, A w łóżku, jak Opel!]"
54,Polej Gruby Wódy,"[1. W robocie piątek, Gruby rzucił dziś: ""idziemy pić!"", 50 złotych ściepy w kasku, Młody w przerwie idź!, 3/4 poszło przed fajrantem, Młody zatacza się, Kierownik zmiany widzi to - jednego w piciu mniej!, , Polej Gruby wódy - nie przeleje się, Przecież jutro możesz leżeć cały dzień, Polej Gruby wódy - Młody ma już dość, Jak dojdzie do domu? Odstawimy go (odstawimy go, odstawimy go), , Ref.:, Wódeczki moc jak olej napędowy, Zapnij pas i jabadabadabadaaaa!, Wódeczki smak słodki jak usta twe, Pocałuj mnie, do dna, w mordęęę!, , 2. W bloku Młodego wściekła matka wciągnęła za drzwi, I wtedy Rudy się przekonał: ""dobra, będę pił!"", Kadeta zaparkował, Młody będzie pilnował, Ze szczęścia flaszka poszła w ruch - zostało tylko dwóch!, , Polej Gruby wódy - nie przeleje się, Przecież jutro możesz leżeć cały dzień, Polej Gruby wódy - Rudy pije też, Kiedy będzie jechał? Jak wyśpimy się (jak wyśpimy się, jak wyśpimy się), , Ref.:, Wódeczki moc jak olej napędowy, Zapnij pas i jabadabadabadaaaa!, Wódeczki smak słodki jak usta twe, Pocałuj mnie, do dna, w mordęęę!, , 3. Po kilku barach dosyć tego, idziemy do Grubego, Gruby niechętnie zgodził się bo matka śpi u niego, Siedliśmy w kuchni po cichutku, Gruby przymknął  drzwi, Uniosłem zdrowie, Gruby! Gruby? A Gruby śpi., , Polej Gruby wódy - Gruby smacznie śpi, A matka Grubego zagląda przez drzwi, Dobry wieczór Pani. Raczej dzień dobry, No to ja się zbieram - wracam do żony (wracam do żony, wracam do żony), , Ref.:, Wódeczki moc jak olej napędowy, Zapnij pas i jabadabadabadaaaa!, Wódeczki smak słodki jak usta twe, Pocałuj mnie, do dna, w mordęęę!, , 4. Wychodzę z klatki, piąta rano, wali słońce w pysk, Włączam telefon, ożeż w mordę! W domu będzie ryk, Pół godziny w tą, czy pół godziny w tę, Monopolowy skusił mnie - zajebałem się!, , jabadaba, jabadaba, jabadaba, jabadaba, jabadaba, jabadaba, jabadaba, jabadaba, jabadaba]"
55,Polska,"[1., Mówią o Nas wąsate buraki, W skarpetach i klapkach w oksach na czapkach, Ale z zazdrości ludzie wszystko powiedzą, Spójrz na babę rosyjską, skumaj krowę niemiecką, Tak też po prawdzie to w skarpetach wygodniej, Piach w palce nie włazi, no i w stopy nie chłodniej, Gdybym miał wybierać jeszcze raz, To chuj mi w dupę, ale kocham ten kraj!, , Od Bałtyku, aż do Tatr, Dostojne chłopaki, kurwa mać!, Od Odry, aż do Buga, Świnie, kebab no i wóda!, , Ref:, Schabowy, mazurek, żurek, kiszony ogórek, Wódka i flaki, skarpety i klapki, Ci co narzekają, niech z Polski spierdalają, A my łójmy do rana, Polsko kochana!, , 2., Nic się nie stało, Polsko nic się nie stało, Wszyscy mordy piłują i dalej kibicują, Niby w piłkę nie umiemy grać, A w ręczną i w siatę to mało kurwa mać?, Co prawda do autek można przyjebać się, Ale co Polonez był w Top Gearze to Nasze, Może i Polak mądry jest po szkodzie, Dlatego tyle mądrości jest w tym narodzie!, , Od Bałtyku, aż do Tatr, Dostojne chłopaki, kurwa mać!, Od Rzeszowa do Szczecina, Nie uświadczysz Pendolina, , Ref:, Schabowy, mazurek, żurek, kiszony ogórek, Wódka i flaki, skarpety i klapki, Ci co narzekają, niech z Polski spierdalają, A my łójmy do rana, Polsko kochana!, , Schabowy, mazurek, żurek, kiszony ogórek, Wódka i flaki, skarpety i klapki, Ci co narzekają, niech z Polski spierdalają, A my łójmy do rana, Polsko kochana!, , Schabowy, mazurek, żurek, kiszony ogórek, Wódka i flaki, skarpety i klapki, Ci co narzekają, niech z Polski spierdalają, A my łójmy do rana, Polsko kochana!, , Na na na na na na na na na na na na na na, Na na na na na na na na na na na, Na na na na na na na na na na na na na na]"
56,Pościelówa,"[Wersalkę pieści światło świec zakupionych w Ikei - zapach jabłko i cynamon, (I cynamon), Były w promocji, Czego sie napijesz Mała? Ostrzegam, mam tylko Żubrówkę - walimy czystą, nie mam soków, (Nie mam soków), W Biedrze była tylko aronia, , Walnij drinka - pójdzie łatwiej, Wyluzuj sie Mała, Zamknij oczy, poczuj zapach, Czarnego adidasa, , Do ucha szepczę Ci sprośne rzeczy, Ty wargę przygryzasz, ja pocę się - nie wstydź sie, (Nie wstydź sie), Ręką łapię biodra, drugą łapię pierś, usta się spotykają - języki mówią 'cześć', (Języki mówią 'cześć'), Mmua...muah, , Z sukienką poszło łatwo - teraz stanik, Co jest? Chyba nie działa, Kurwa jak rozpina się ten mechanizm?, Dobra, zostań w, , Teraz jestem w Tobie i bliżej być nie mogę, Chociaż czekaj, spróbuję...wciągnę brzuch - a nie, nie mogę, Teraz patrzysz w oczy me i boisz się - i słusznie, Bo pięć minut minęło, ja dłużej nie wytrzymam...wybacz mi - dochodzę, Dziękuję...papierosek, , Teraz jestem w Tobie i bliżej być nie mogę, Chociaż czekaj, spróbuję...wciągnę brzuch - a nie, nie mogę, Teraz patrzysz w oczy me i boisz się - i słusznie, Bo pięć minut minęło, ja dłużej nie wytrzymam...wybacz mi - dochodzę]"
57,Punkt bez powrotu,"[I., U, A, piweczka dwa, to tak zwana rozbiegówka., Pięćdziesiątka i piweczko trzecie, to najlepszy duet w świecie., Ćwiara, sok i pojara, to najbardziej zgrana para., Zostali już tylko poważni zawodnicy., Dziś łojenie bez litości. Każdy kończy w kaplicy., Żadnych bab., Żadnych bab., Żadnych bab., Żadnych bab!, , Ref., A teraz wszyscy., Tia ra ra ra ra ra ra., Chwyćmy kieliszki., Ra ra ra ra ra ra ra., Godzina sprzyja., Ra ra ra ra ra ra ra., Lejmy do ryja., Ra ra ra ra ra ra ra., , II., A, A, kopsnij szluga. Co drugi ostro jara., W pokoiku już siekiera. Nikt się w kimę nie wybiera., Wóda ostro ryje banie. Zaczęło się przepychanie., Gołda leje się litrami. Znów jesteśmy kolegami., , Kolejna butelka sucha. To pijacka zawierucha., Żadnych bab. Dzisiaj nikt tu nie porucha., Już nie ma odwrotu. Za nami punkt bez powrotu., Baj, baj. Odpłynął prom. Wszystkim tu pisany zgon., , Ref., A teraz wszyscy., Tia ra ra ra ra ra ra., Chwyćmy kieliszki., Ra ra ra ra ra ra ra., Godzina sprzyja., Ra ra ra ra ra ra ra., Lejmy do ryja., Ra ra ra ra ra ra ra.]"
58,Świnki i Damy,"[Ja do niej kocham Cię, ona na to:""To stówę kosztuje""., Lepsze to niż driny stawiać. Nigdy nie wiesz ile wytankuje., Jeden drink 15 zł, razy 10 to 110., Nawet po tym pewności nie masz, a tu  stówa no i pchasz., , Chłopie wyjmij kalkulator albo przelicz se pod kreską to równanie., Dziwka droga, mówią tylko ci co sami świnki nie mają uuu ou ou., Kup mi buty, zabierz do kina, postaw mi drinka - tak mówi świnka., A w burdelu dama nie wybrzydza, stówę bierze i jedziesz uu ou ou., , Dla zamożnych 150, dla biedniejszych francuz w gumie., Za dwie stówy z koleżanką, za dopłatą jedziesz w dupę., Świnka też o kasie myśli, za to nigdy o swym panu., Na początku tylko daje, potem walisz do ekranu., , Chłopie wyjmij kalkulator albo przelicz se pod kreską to równanie., Dziwka droga, mówią tylko ci co sami świnki nie mają uuu ou ou., Kup mi buty, zabierz do kina, no i postaw mi drinka - tak mówi świnka.]"
59,Tańczyła z brate,"[Tańczyła z siostrą, tańczyła z bratem,, Tańczyła z ojcem, a ze mną nie., , Tańczyła ślicznie, śliczna dziewczyna,, Tańczyła z cyganem, śniadym cyganem., , Tańczyła pięknie, pięknie, pięknie, pięknie, piękna dziewczyna., Tańczyła z cyganem -anem, -anem, -anem, -anem, złodziejem., , Nerwowo sprawdza, maca, maca, maca, maca swoje kieszenie, Chociaż ten cygan skradł serce jej., , A stryjek Wiktor, rzekł co tak stoisz., Odbij Renatę, bo będzie źle., , Walnąłem z gwinta, bo był całkiem spory., To znaczy cygan, ale też grzdyl, , Jak żem go huknął, huknął, huknął, huknął,, huknął się nie przestraszył,, Tylko rozjuszył -uszył, -uszył, -uszył, -uszył i sieknął w ryj., , Jak upadałem -ałem, -ałem, -ałem, -ałem, bić nie przestawał -awał, -awał, -awał, -awał, A potem czarno i potem nic., , Morał piosenki, mój przyjacielu.]"
60,Teresa,"[(Figo), Chłopak wyczaił ją na skupie żywca, w sezonie tzw. ""świńskiej górki"", Na imię jej było Teresa, Teresa z domu Bąk, , Terenia głupia serce mu oddała, zresztą nie tylko, bo cnotę swoją też, Chłopak cnotę zorał na wszelkie sposoby, które znał, serce wrzucił w Wieprza toń, , Teresa zdradzona w nurt Wieprza skoczyła, a że bidulka pływać nie potrafiła, teraz w tym miejscu smutno kwitną bzy, szare, szare, szare bzy, a chłopak w tym czasie zasuwał kochankę do ryja, aaaaaaaaaaaaaaaaa, , Dorota na zieleniaku handlowała, nać klientom na litość wciskała, Na imię jej było Dorota, Doroto, proszę nać!, , Naci nakupił, choć nie potrzebował, i razem z tą nacią kupił serce jej., Chryste, Boże niech mnie chuj zastrzeli, Doroto, nie idź z nim!, , Nie posłuchała, do rana szalała, o oświadczyny Boga co dzień błagała, lecz on nie widział w niebie pary tej, nad Wieprzem świeży zakwitł bez, a chłopak w tym czasie zasuwał następną klasycznie, eeeeeeeeeeeeeeeeeeeeee, , Teresa zdradzona w nurt Wieprza skoczyła,, a że bidulka pływać nie potrafiła, teraz w tym miejscu smutno kwitną bzy, szare, szare, szare bzy, , Nie posłuchała, do rana szalała, o oświadczyny Boga co dzień błagała, lecz on nie widział w niebie pary tej, nad Wieprzem świeży zakwitł bez]"
61,Ugi Boogie,"[I., Ugi boogie, najpierw szlugi., Potem spłacam w barze długi., Fiku miku w portfeliku., Znowu forsy jest bez liku., Szala lala. Szala lala., Słuchaj mała: szala lala., Dziesiątego, w dzień wypłaty, Wątroba dostaje baty., , Ref., A teraz tańcz, tańcz, świnko, tańcz mi na blacie., Rezerwuję lożę w klubie - dzisiaj stać mnie, I będę pił Johnnie'go Walkera z Colą., To taki czarny drink., A teraz tańcz, tańcz, świnko, tańcz mi na stole., Raz w miesiąc Andrzej też się może poczuć bogolem,, Więc będę pił Johnnie'go Walkera z Colą., , II., Hokus pokus, czary mary., Barman, nalej dwa browary., Ence pence, ty w sukience., Ja kieliszek w każdej ręce., Tra la la la. Łubu dubu., Ochrona wyrzuca z klubu., Debet w barze: -1000,, Więc widzimy się za miesiąc., , Ref., A teraz tańcz, tańcz, świnko, tańcz mi na blacie., Rezerwuję lożę w klubie - dzisiaj stać mnie, I będę pił Johnnie'go Walkera z Colą., To taki czarny drink., A teraz tańcz, tańcz, świnko, tańcz mi na stole., Raz w miesiąc Andrzej też się może poczuć bogolem,, Więc będę pił Johnnie'go Walkera z Colą., , Sza la la la la la la la., Sza la la la la la la la., Sza la la la la la la la., Sza la la la la la la la., , A teraz tańcz, tańcz, świnko, tańcz mi na blacie., Rezerwuję lożę w klubie - dzisiaj stać mnie, I będę pił Johnnie'go Walkera z Colą., To taki czarny drink., A teraz tańcz, tańcz, świnko, tańcz mi na stole., Raz w miesiąc Andrzej też się może poczuć bogolem,]"
62,Wesele,"[Wesele, , (Figo), , Hulałeś po polach jak wiatr, jak bąk, jak bąk, Z kwiatu na kwiat, jak pies, jak pies, Za sukami w maju, jak Arab, jak Arab - dziewice w raju., W dyskotece ją poznałeś i w kabinie i w kabinie dojeżdżałeś., W tej kabinie w tej kabinie zaciążyła... i od razu oświadczyła sięłęłęłe., , Ta świnka jest Twoja, uła a a a, I dziecię tez Twe, e e e e., Bazar nie da wyskrobać., Trzeba było się tasować., , (Fagot), , Figo podstaw żuka ułoo oo oo., Za 10 minut łaa aa aa., Pod dom weselny ny ny ny ny., Trzymaj na pełnych obrotach, zrywamy się., , (Bazar), , A tylko spróbujesz., Ta ręka jest ciężka żka żka żka., Zresztą to przewidziałem., Klemy zdjąłem i uciąłem., , (Figo), , Fagot to prawda, ułaa aa aa., To nie jest ble-e-e-e-ef,., Zresztą dokąd pojedziemy?, On wie gdzie mieszkamy., , (Fagot), , Uciekniemy do matki w rodzinne strony., Pójdziesz frontem wtedy nas nie wypierdoli., Z matką mam na pieńku nie od dziś., Nałgaj, że studiujesz - wybaczy mi., , (Figo), , Fagot, zwariowałeś, do matki?, Przecież ona Ci nie wybaczyła., Jak tylko nas zobaczy, od razu puści psa., Borys mnie nienawidzi - od razu mnie upierdoli., Co ty robisz?, , (Fagot), , Zamknij pysk! Upycham wołowinę po nogawkach., Może Cię nienawidzi,]"
63,Wędkarz miłości,"[Teleskop czwórka, waglerek i owies, kołowrotek z aluminiowym stopem, W wiaderku piernik, biały robak, melasa, Marzeniem moim wyciągnąć grubasa, , Na leszcza idę dzisiaj sam, zasiadka w brzegu (la la), W wodzie świetlika lekki blask, spławiczek świruje (uje), I w góre (góre) i w dół, , Ref:, Kiedy sztywne wędzisko w dłoniach czujesz, To krew Ci w żyłach jak piwo buzuje, I kołowrotkiem kręcisz raz i dwa, trzy i cztery, tratatata, Gdy wilgotną zanętę, w dłoniach kulę formujesz, W myślach tak naprawdę z rozkoszy szczytuję, Kiedy z procy kukurydzą w taflę batożę, O chuju miły, o mój Boże!, , Na drapieżnika w pontonie zasiadka, na echosondę łowi tylko Warszawka, Prawilny wędkarz to wojownik trzciny, nie spuszcza z oka grillującej rodziny, Coś pod tą trzcinę rzuty chujowe mam, dociążam śruciną (la la), I przedobrzyłem, kurwa mać, utknąłem w sitowiu (owiu), I szarpie (arpie), i chuj!, , Ref:, Kiedy sztywne wędzisko w dłoniach czujesz, To krew Ci w żyłach jak piwo buzuje, I kołowrotkiem kręcisz raz i dwa, trzy i cztery, tratatata, Gdy wilgotną zanętę, w dłoniach kulę formujesz, W myślach tak naprawdę z rozkoszy szczytuję, Kiedy z procy kukurydzą w taflę batożę, O chuju miły, o mój Boże!, , Cztery szósteczka, z dolnikiem za jaja, Szpula z nylonem, jak do wieszania prania, Przypon z plecionki zwieńczony kotwicą, Filecik z karpia, co zalatuje piczą, Dzisiaj na suma zestaw mam, przykłusuje z Janusza (sza sza), Kto by tak całą noc tu marzł, rano sprawdzę czy siedzi (edzi), Straż wodna (odna) i klops!, , Ref:, Kiedy sztywne wędzisko w dłoniach czujesz, To krew Ci w żyłach jak piwo buzuje, I kołowrotkiem kręcisz raz i dwa, trzy i cztery, tratatata, Gdy wilgotną zanętę, w dłoniach kulę formujesz, W myślach tak naprawdę z rozkoszy szczytuję, Kiedy z procy kukurydzą w taflę batożę]"
64,Wojownicy Wódy,"[Piątkowa noc to wódy czas, To jest wódy czas, 100 złoty bierz, jak nie masz to miej, Jak więcej, to jesteś zamożny, , Wchodzę w cug weekendowy, Łoimy piwerka w pokoju, Gruby zeruje Harnasia, Ruszamy w miasto do boju, , Chlup do boju wojownicy wódy, Jak marszałek pił wódki dużo, Jeden za wszystkich i wszyscy za jednego, A kto nie pije, ten chu-u-u-uj, , Na dyskotece dziewczynek od groma, Którejś się w końcu spodobam, Fakt, mógłbym zapłacić - nie jestem przesądny, Lecz ostatnio krucho mam z kasą, , Wchodzę do dyskoteki, Podchodzę do lady baru, Staję na rozstaju, Już wóda, czy jeszcze piwerko, , Chlup do boju wojownicy wódy, Jak marszałek pił wódki dużo, Jeden za wszystkich i wszyscy za jednego, A kto nie pije, ten chu-u-u-uj, , W klubie wiadomo, wódeczka za drogo, Walimy swoją spod stołu, Gdybym miał kasę, i tak bym to robił, W końcu nie jestem frajerem, , Ochrona przyfilowała, Szybciutko nas wyjebała, Na zewnątrz trochę zgłodniałęm, W kebabie się w końcu zrzygałem, , Chlup do boju wojownicy wódy, Jak marszałek pił wódki dużo, Jeden za wszystkich i wszyscy za jednego]"
65,Wóda zryje banię,"[Klub, noc, nocny czar, Pod pachami Adidas, Podchodzę do baru:, - Wódę lać!, Stop!, , Kurwa mać!, , Czy barmana pojebało?, Za lornetę jak za 0,5, ...dych się poszło jebać, Bramka, szatnia, bar i słyszę:, - Typie goń się!, Wolna świnia!, Wóda w dłonie i podbijam, - Walniesz drinka?, - A co? Stawiasz?, Postawiłem., - To jest wóda!, , Wóda zryje banię, Uderzymy w taniec, Potem do kabiny, Takie życie świni, , Nie płacz chłopie - zwykła sprawa,, Że ci świnia nie dała, Mało który chłop zalicza, Po to są burdele., , Stop!, Teraz węgorz, Patrzcie świnie - król parkietu, Ręka jak złamana, Nakurwiam węgorza, Na na na na na na!, , - Dobra starczy!, - Słucham?, - Starczy! Dawaj mała do kabiny., - Co? Nie słyszę?, Ta, ""nie słyszę""., Idę walić driny, , Wóda ryje banię, Nowe świniobranie, A w portfelu bieda, Max na dwa podejścia, , Nie płacz chłopie - zwykła sprawa,, Że ci świnia nie dała, Mało który chłop zalicza, Po to są burdele., , Teraz po wódzie wszystko mi jedno, Podchodzę do świni najgrubszej w klubie, Wyciągam ""Chrobrego"", zamawiam ""modżajto"", Na hejnał walimy, prowadzę do kabiny, , Wóda zryła banie, Boże, Chryste Panie!, Ale lepsza maciora w kabinie, Niż opłacać drinom świnie, , Nie płacz chłopie - zwykła sprawa,, Że ci świnia nie dała, Mało który chłop zalicza, Po to są burdele., , Nie płacz chłopie - zwykła sprawa,, Że ci świnia nie dała, Mało który chłop zalicza, Po to są burdele., ]"
66,Z wędziskiem za pan brat,"[Wędkować pozwól, wędkować daj, No nie bądź taka laj laj laj laj laj, Dziś obiecuję nie wrócę wcięty, Proszę spójrz tutaj - kubeł zanęty, Dziś będzie grany leszcz oraz płotka, A nie piwo i Żołądkowa Gorzka, Puśc mnie na ryby Tereniu droga]"
67,Zalegizybać Marihuaen,"[Dzieńdobry! Tu Bracia Figo Fagot!, Zapraszamy do korzystania z naszych usług!, Niezawodność kosztem usterek!, , Tanio, tanio tanio!, Niska cena w przystępnej cenie!, , Wstałem wieczorem, pomyślałem coś tam zrobię, Skoszę trawę, zapalę marichuaen, Ale że jestem chłopem przekornym, To zacząłem od tego planu ostatniego, , Zalegizybać marichuanen, A po co? W żadnym wypadku!, Zalegizybać marichuanen, W żadnym wypadku! A komu to potrzebne?, , Matka świruje - weź się do roboty, Ja mam jeszcze czas, przecież jestem wiecznie młody, Kiedy matka wychodzi do roboty, Ja palę sobie śmieszne papierosy, , Zalegizybać marichuanen, A po co? W żadnym wypadku!, Zalegizybać marichuanen, W żadnym wypadku! A komu to potrzebne?, , Spaliłem blanta, wpakowałem się do auta, Wyjechałem z parkingu, stanąłem na światłach, Ale na szybie usiadła biedronka, Stałem tak długo, że to wystarczyło do stworzenia korka, , Zalegizybać marichuanen, A po co? W żadnym wypadku!, Zalegizybać marichuanen, W żadnym wypadku! A komu to potrzebne?, , , , Palimy zioło, standardowo jest wesoło, Gdy głód fazę zabija niektórym odbija, Ale ja jestem frutarianinem, Kiedy faza mi zanika, to zaglądam do śmietnika, , Zalegizybać marichuanen, A po co? W żadnym wypadku!, Zalegizybać marichuanen, W żadnym wypadku! A komu to potrzebne?, , Ostatnie zdanie - pora na podsumowanie, Wymyśliłem bardzo mądre retoryczne pytanie, Ale że jestem za bardzo ujarany, To morał kochani wyleciał mi z bani, , Zalegizybać marichuanen, A po co? W żadnym wypadku!, Zalegizybać marichuanen]"
68,Zobacz dziwko co narobiłaś,"[Wzrokiem szukam Cię - nie widzę!, (Ryj maciory przesłania mi świat), Jest tłusta krowa przede mną..., (Czy Aldonę skrywa ten schab?), Pół roku temu mogłem objąć w pasie Ciebie bez problemu! OOO!, Boże mój miły, nie pozwól mi przetrzeźwieć!, , Zaufałem Ci a w zamian, Przyjebałaś mi w pysk czymś bardzo ciężkim, Przysięgałaś, obiecałaś, oszukałaś i zdradziłaś!, , Zobacz dziwko co narobiłaś, Się roztyłaś, oszpeciłaś!, Zakochałem się w aniele,, Teraz mieszkam z świnią w chlewie!, , Buty zdejmuję, gramolę się na tapczan, (Ty już wiesz na co mam chęć), Dlatego szczelnie owijasz się pierzyną, (Znowu głowa boli Cię), Jeszcze rok temu dawałaś mi się codziennie bez problemu! OOO!, A teraz ręka matką, żoną i kochano...kochanką!, , Zaufałem Ci a w zamian, Przyjebałaś mi w pysk czymś bardzo ciężkim, Przysięgałaś, obiecałaś -, oszukałaś i zdradziłaś!, , Zobacz dziwko co narobiłaś,, Życie chłopu obrzydziłaś!, Zakochałem się w kociaku, Teraz kłoda jak w tartaku!, , Wypłatę wziąłem i tyle ją widziałem!, (W portfelu echo odpowiada mi), Na forsę żarta jak stonka na łęcinę!, (Nawet oprysk nie pomaga), Jeszcze rok temu dwa czterysta starczało Ci bez problemu! OOO!, A teraz na dwa pięćset patrzysz jakbyś zobaczyła... Gówno..., , Zaufałem Ci a w zamian, Przyjebałaś mi w pysk czymś bardzo ciężkim, Przysięgałaś, obiecałaś, Oszukałaś i zdradziłaś!, , Przelicz dziwko, ile wydajesz,, Choć do roboty się nie nadajesz!, Jezu wybacz mi, że zbiłem]"
